<!-- Revision: 22 2009-09-04T19:03:22Z -->
<Ui xmlns="http://www.blizzard.com/wow/ui/" xmlns:xsi="http://www.w3.org/2001/XMLSchema-instance" xsi:schemaLocation="http://www.blizzard.com/wow/ui/
..\..\..\..\FrameXML\UI.xsd">
  <Script file="ArmoryInventoryGuildBankFrame.lua"/>
  <Button name="ArmoryInventoryGuildBankItemTemplate" inherits="ArmoryInventoryLabelTemplate" virtual="true">
    <Scripts>
      <OnEnter>
        GameTooltip:SetOwner(self, "ANCHOR_TOPLEFT", 80, 5);
        ArmoryGuildBankFrameButton_OnEnter(self);
      </OnEnter>
      <OnLeave>
        GameTooltip:Hide();
      </OnLeave>
    </Scripts>
  </Button>
  <Frame name="ArmoryInventoryGuildBankFrame" parent="ArmoryInventoryFrame" hidden="true">
    <Size>
      <AbsDimension x="296" y="331"/>
    </Size>
    <Anchors>
      <Anchor point="TOPRIGHT">
        <Offset>
          <AbsDimension x="-66" y="-98"/>
        </Offset>
      </Anchor>
    </Anchors>
    <Layers>
      <Layer level="OVERLAY">
        <FontString name="ArmoryInventoryGuildBankFrameMessage" inherits="GameFontNormal" text="ARMORY_GUILDBANK_NO_DATA">
          <Anchors>
            <Anchor point="TOP" relativeTo="ArmoryInventoryGuildBankFrame" relativePoint="TOP">
              <Offset>
                <AbsDimension x="10" y="-30"/>
              </Offset>
            </Anchor>
          </Anchors>
        </FontString>
      </Layer>
    </Layers>
    <Frames>
      <Button name="ArmoryInventoryGuildBankLine1" inherits="ArmoryInventoryGuildBankItemTemplate">
        <Anchors>
          <Anchor point="TOPLEFT"/>
        </Anchors>
      </Button>
      <Button name="ArmoryInventoryGuildBankLine2" inherits="ArmoryInventoryGuildBankItemTemplate">
        <Anchors>
          <Anchor point="TOPLEFT" relativeTo="ArmoryInventoryGuildBankLine1" relativePoint="BOTTOMLEFT" />
        </Anchors>
      </Button>
      <Button name="ArmoryInventoryGuildBankLine3" inherits="ArmoryInventoryGuildBankItemTemplate">
        <Anchors>
          <Anchor point="TOPLEFT" relativeTo="ArmoryInventoryGuildBankLine2" relativePoint="BOTTOMLEFT"/>
        </Anchors>
      </Button>
      <Button name="ArmoryInventoryGuildBankLine4" inherits="ArmoryInventoryGuildBankItemTemplate">
        <Anchors>
          <Anchor point="TOPLEFT" relativeTo="ArmoryInventoryGuildBankLine3" relativePoint="BOTTOMLEFT"/>
        </Anchors>
      </Button>
      <Button name="ArmoryInventoryGuildBankLine5" inherits="ArmoryInventoryGuildBankItemTemplate">
        <Anchors>
          <Anchor point="TOPLEFT" relativeTo="ArmoryInventoryGuildBankLine4" relativePoint="BOTTOMLEFT"/>
        </Anchors>
      </Button>
      <Button name="ArmoryInventoryGuildBankLine6" inherits="ArmoryInventoryGuildBankItemTemplate">
        <Anchors>
          <Anchor point="TOPLEFT" relativeTo="ArmoryInventoryGuildBankLine5" relativePoint="BOTTOMLEFT"/>
        </Anchors>
      </Button>
      <Button name="ArmoryInventoryGuildBankLine7" inherits="ArmoryInventoryGuildBankItemTemplate">
        <Anchors>
          <Anchor point="TOPLEFT" relativeTo="ArmoryInventoryGuildBankLine6" relativePoint="BOTTOMLEFT"/>
        </Anchors>
      </Button>
      <Button name="ArmoryInventoryGuildBankLine8" inherits="ArmoryInventoryGuildBankItemTemplate">
        <Anchors>
          <Anchor point="TOPLEFT" relativeTo="ArmoryInventoryGuildBankLine7" relativePoint="BOTTOMLEFT"/>
        </Anchors>
      </Button>
      <Button name="ArmoryInventoryGuildBankLine9" inherits="ArmoryInventoryGuildBankItemTemplate">
        <Anchors>
          <Anchor point="TOPLEFT" relativeTo="ArmoryInventoryGuildBankLine8" relativePoint="BOTTOMLEFT"/>
        </Anchors>
      </Button>
      <Button name="ArmoryInventoryGuildBankLine10" inherits="ArmoryInventoryGuildBankItemTemplate">
        <Anchors>
          <Anchor point="TOPLEFT" relativeTo="ArmoryInventoryGuildBankLine9" relativePoint="BOTTOMLEFT"/>
        </Anchors>
      </Button>
      <Button name="ArmoryInventoryGuildBankLine11" inherits="ArmoryInventoryGuildBankItemTemplate">
        <Anchors>
          <Anchor point="TOPLEFT" relativeTo="ArmoryInventoryGuildBankLine10" relativePoint="BOTTOMLEFT"/>
        </Anchors>
      </Button>
      <Button name="ArmoryInventoryGuildBankLine12" inherits="ArmoryInventoryGuildBankItemTemplate">
        <Anchors>
          <Anchor point="TOPLEFT" relativeTo="ArmoryInventoryGuildBankLine11" relativePoint="BOTTOMLEFT"/>
        </Anchors>
      </Button>
      <Button name="ArmoryInventoryGuildBankLine13" inherits="ArmoryInventoryGuildBankItemTemplate">
        <Anchors>
          <Anchor point="TOPLEFT" relativeTo="ArmoryInventoryGuildBankLine12" relativePoint="BOTTOMLEFT"/>
        </Anchors>
      </Button>
      <Button name="ArmoryInventoryGuildBankLine14" inherits="ArmoryInventoryGuildBankItemTemplate">
        <Anchors>
          <Anchor point="TOPLEFT" relativeTo="ArmoryInventoryGuildBankLine13" relativePoint="BOTTOMLEFT"/>
        </Anchors>
      </Button>
      <Button name="ArmoryInventoryGuildBankLine15" inherits="ArmoryInventoryGuildBankItemTemplate">
        <Anchors>
          <Anchor point="TOPLEFT" relativeTo="ArmoryInventoryGuildBankLine14" relativePoint="BOTTOMLEFT"/>
        </Anchors>
      </Button>
      <Button name="ArmoryInventoryGuildBankLine16" inherits="ArmoryInventoryGuildBankItemTemplate">
        <Anchors>
          <Anchor point="TOPLEFT" relativeTo="ArmoryInventoryGuildBankLine15" relativePoint="BOTTOMLEFT"/>
        </Anchors>
      </Button>
      <Button name="ArmoryInventoryGuildBankLine17" inherits="ArmoryInventoryGuildBankItemTemplate">
        <Anchors>
          <Anchor point="TOPLEFT" relativeTo="ArmoryInventoryGuildBankLine16" relativePoint="BOTTOMLEFT"/>
        </Anchors>
      </Button>
      <Button name="ArmoryInventoryGuildBankLine18" inherits="ArmoryInventoryGuildBankItemTemplate">
        <Anchors>
          <Anchor point="TOPLEFT" relativeTo="ArmoryInventoryGuildBankLine17" relativePoint="BOTTOMLEFT"/>
        </Anchors>
      </Button>
      <Button name="ArmoryInventoryGuildBankLine19" inherits="ArmoryInventoryGuildBankItemTemplate">
        <Anchors>
          <Anchor point="TOPLEFT" relativeTo="ArmoryInventoryGuildBankLine18" relativePoint="BOTTOMLEFT"/>
        </Anchors>
      </Button>
      <Button name="ArmoryInventoryGuildBankLine20" inherits="ArmoryInventoryGuildBankItemTemplate">
        <Anchors>
          <Anchor point="TOPLEFT" relativeTo="ArmoryInventoryGuildBankLine19" relativePoint="BOTTOMLEFT"/>
        </Anchors>
      </Button>
      <ScrollFrame name="ArmoryInventoryGuildBankScrollFrame" inherits="FauxScrollFrameTemplate">
        <Size>
          <AbsDimension x="296" y="331"/>
        </Size>
        <Anchors>
          <Anchor point="TOPLEFT">
            <Offset>
              <AbsDimension x="0" y="0"/>
            </Offset>
          </Anchor>
        </Anchors>
        <Layers>
          <Layer level="BACKGROUND">
            <Texture name="$parentScrollBarTop" file="Interface\PaperDollInfoFrame\UI-Character-ScrollBar">
              <Size>
                <AbsDimension x="31" y="256"/>
              </Size>
              <Anchors>
                <Anchor point="TOPLEFT" relativePoint="TOPRIGHT">
                  <Offset>
                    <AbsDimension x="-2" y="5"/>
                  </Offset>
                </Anchor>
              </Anchors>
              <TexCoords left="0" right="0.484375" top="0" bottom="1.0"/>
            </Texture>
            <Texture name="$parentScrollBarBottom" file="Interface\PaperDollInfoFrame\UI-Character-ScrollBar">
              <Size>
                <AbsDimension x="31" y="106"/>
              </Size>
              <Anchors>
                <Anchor point="BOTTOMLEFT" relativePoint="BOTTOMRIGHT">
                  <Offset>
                    <AbsDimension x="-2" y="-2"/>
                  </Offset>
                </Anchor>
              </Anchors>
              <TexCoords left="0.515625" right="1.0" top="0" bottom="0.4140625"/>
            </Texture>
          </Layer>
        </Layers>
        <Scripts>
          <OnVerticalScroll>
            FauxScrollFrame_OnVerticalScroll(self, offset, ARMORY_INVENTORY_HEIGHT, ArmoryInventoryGuildBankFrame_Update);
          </OnVerticalScroll>
        </Scripts>
      </ScrollFrame>
      <Button name="ArmoryInventoryFrameTab3" parent="ArmoryInventoryFrame" inherits="CharacterFrameTabButtonTemplate" id="3" text="GUILD_BANK" hidden="true">
        <Anchors>
          <Anchor point="LEFT" relativeTo="ArmoryInventoryFrameTab2" relativePoint="RIGHT">
            <Offset>
              <AbsDimension x="-16" y="0"/>
            </Offset>
          </Anchor>
        </Anchors>
        <Scripts>
          <OnClick>
            ArmoryInventoryGuildBankFrameTab_OnClick(self);
          </OnClick>
        </Scripts>
      </Button>
    </Frames>
    <Scripts>
      <OnLoad>
        ArmoryInventoryGuildBankFrame_OnLoad(self);
      </OnLoad>
      <OnShow>
        ArmoryInventoryGuildBankFrame_OnShow(self);
      </OnShow>
      <OnHide>
        ArmoryInventoryGuildBankFrame_OnHide(self);
      </OnHide>
    </Scripts>
  </Frame>
</Ui>