<!-- Revision: 298 2010-07-02T19:31:51Z -->
<Ui xmlns="http://www.blizzard.com/wow/ui/" xmlns:xsi="http://www.w3.org/2001/XMLSchema-instance" xsi:schemaLocation="http://www.blizzard.com/wow/ui/
..\..\..\FrameXML\UI.xsd">
  <Script file="ArmoryFindFrame.lua"/>
  <Button name="ArmoryFindFrameButtonTemplate" virtual="true">
    <Size>
      <AbsDimension x="298" y="16"/>
    </Size>
    <Layers>
      <Layer level="BORDER">
        <FontString name="$parentText" inherits="GameFontHighlightSmall" justifyH="LEFT" hidden="true" wordwrap="false">
          <Anchors>
            <Anchor point="TOPLEFT">
              <Offset>
                <AbsDimension x="10" y="-3"/>
              </Offset>
            </Anchor>
          </Anchors>
        </FontString>
        <FontString name="$parentWho" inherits="GameFontHighlightSmall" justifyH="LEFT">
          <Size>
            <AbsDimension x="80" y="14"/>
          </Size>
          <Anchors>
            <Anchor point="TOPLEFT">
              <Offset>
                <AbsDimension x="10" y="-3"/>
              </Offset>
            </Anchor>
          </Anchors>
        </FontString>
        <FontString name="$parentWhere" inherits="GameFontNormalSmall" justifyH="LEFT">
          <Size>
            <AbsDimension x="80" y="14"/>
          </Size>
          <Anchors>
            <Anchor point="LEFT" relativeTo="$parentWho" relativePoint="RIGHT">
              <Offset>
                <AbsDimension x="0" y="0"/>
              </Offset>
            </Anchor>
          </Anchors>
        </FontString>
        <FontString name="$parentWhat" inherits="GameFontHighlightSmall" justifyH="LEFT">
          <Size>
            <AbsDimension x="131" y="14"/>
          </Size>
          <Anchors>
            <Anchor point="LEFT" relativeTo="$parentWhere" relativePoint="RIGHT">
              <Offset>
                <AbsDimension x="2" y="0"/>
              </Offset>
            </Anchor>
          </Anchors>
        </FontString>
      </Layer>
    </Layers>
    <Scripts>
      <OnClick>
        ArmoryFindFrameButton_OnClick(self, button);
      </OnClick>
      <OnEnter>
        ArmoryFindFrameButton_OnEnter(self);
      </OnEnter>
      <OnLeave>
        if ( GameTooltip:IsOwned(self) ) then
          GameTooltip:Hide();
        end
      </OnLeave>
    </Scripts>
    <HighlightTexture file="Interface\QuestFrame\UI-QuestTitleHighlight" alphaMode="ADD">
      <Size>
        <AbsDimension x="298" y="16"/>
      </Size>
      <Anchors>
        <Anchor point="TOP">
          <Offset>
            <AbsDimension x="5" y="-2"/>
          </Offset>
        </Anchor>
      </Anchors>
    </HighlightTexture>
  </Button>
  <Button name="ArmoryFindFrameColumnHeaderTemplate" virtual="true">
    <Size>
      <AbsDimension x="10" y="24"/>
    </Size>
    <Layers>
      <Layer level="BACKGROUND">
        <Texture name="$parentLeft" file="Interface\FriendsFrame\WhoFrame-ColumnTabs">
          <Size>
            <AbsDimension x="5" y="24"/>
          </Size>
          <Anchors>
            <Anchor point="TOPLEFT"/>
          </Anchors>
          <TexCoords left="0" right="0.078125" top="0" bottom="0.75"/>
        </Texture>
        <Texture name="$parentMiddle" file="Interface\FriendsFrame\WhoFrame-ColumnTabs">
          <Size>
            <AbsDimension x="53" y="24"/>
          </Size>
          <Anchors>
            <Anchor point="LEFT" relativeTo="$parentLeft" relativePoint="RIGHT"/>
          </Anchors>
          <TexCoords left="0.078125" right="0.90625" top="0" bottom="0.75"/>
        </Texture>
        <Texture name="$parentRight" file="Interface\FriendsFrame\WhoFrame-ColumnTabs">
          <Size>
            <AbsDimension x="4" y="24"/>
          </Size>
          <Anchors>
            <Anchor point="LEFT" relativeTo="$parentMiddle" relativePoint="RIGHT"/>
          </Anchors>
          <TexCoords left="0.90625" right="0.96875" top="0" bottom="0.75"/>
        </Texture>
      </Layer>
    </Layers>
    <Scripts>
      <OnClick>
        if ( self.sortType ) then
          ArmoryFindFrame_Sort(self.sortType);
        end
        PlaySound("igMainMenuOptionCheckBoxOn");
      </OnClick>
    </Scripts>
    <ButtonText>
      <Anchors>
        <Anchor point="LEFT">
          <Offset>
            <AbsDimension x="8" y="0"/>
          </Offset>
        </Anchor>
      </Anchors>
    </ButtonText>
    <NormalFont style="GameFontHighlightSmall"/>
    <HighlightTexture name="$parentHighlightTexture" file="Interface\PaperDollInfoFrame\UI-Character-Tab-Highlight" alphaMode="ADD">
      <Anchors>
        <Anchor point="TOPLEFT" relativeTo="$parentLeft">
          <Offset>
            <AbsDimension x="-2" y="5"/>
          </Offset>
        </Anchor>
        <Anchor point="BOTTOMRIGHT" relativeTo="$parentRight">
          <Offset>
            <AbsDimension x="2" y="-7"/>
          </Offset>
        </Anchor>
      </Anchors>
    </HighlightTexture>
  </Button>
  <Frame name="ArmoryFindFrame" toplevel="true" movable="true" enableMouse="true" hidden="true" parent="UIParent">
    <Size>
      <AbsDimension x="384" y="512"/>
    </Size>
    <Anchors>
      <Anchor point="TOPLEFT">
        <Offset>
          <AbsDimension x="0" y="-104"/>
        </Offset>
      </Anchor>
    </Anchors>
    <HitRectInsets>
      <AbsInset left="0" right="30" top="0" bottom="45"/>
    </HitRectInsets>
    <Layers>
      <Layer level="BACKGROUND">
        <Texture name="ArmoryFindFramePortrait">
          <Size>
            <AbsDimension x="60" y="60"/>
          </Size>
          <Anchors>
            <Anchor point="TOPLEFT">
              <Offset>
                <AbsDimension x="7" y="-6"/>
              </Offset>
            </Anchor>
          </Anchors>
        </Texture>
      </Layer>
      <Layer level="ARTWORK">
        <Texture name="ArmoryFindFrameTopLeft" file="Interface\ClassTrainerFrame\UI-ClassTrainer-TopLeft">
          <Size>
            <AbsDimension x="256" y="256"/>
          </Size>
          <Anchors>
            <Anchor point="TOPLEFT">
              <Offset>
                <AbsDimension x="0" y="0"/>
              </Offset>
            </Anchor>
          </Anchors>
        </Texture>
        <Texture name="ArmoryFindFrameTopRight" file="Interface\ClassTrainerFrame\UI-ClassTrainer-TopRight">
          <Size>
            <AbsDimension x="128" y="256"/>
          </Size>
          <Anchors>
            <Anchor point="TOPRIGHT">
              <Offset>
                <AbsDimension x="0" y="0"/>
              </Offset>
            </Anchor>
          </Anchors>
        </Texture>
        <Texture name="ArmoryFrameBottomLeft" file="Interface\FriendsFrame\GuildFrame-BotLeft">
          <Size>
            <AbsDimension x="256" y="256"/>
          </Size>
          <Anchors>
            <Anchor point="BOTTOMLEFT">
              <Offset>
                <AbsDimension x="0" y="0"/>
              </Offset>
            </Anchor>
          </Anchors>
        </Texture>
        <Texture name="ArmoryFindFrameBottomRight" file="Interface\FriendsFrame\GuildFrame-BotRight">
          <Size>
            <AbsDimension x="128" y="256"/>
          </Size>
          <Anchors>
            <Anchor point="BOTTOMRIGHT">
              <Offset>
                <AbsDimension x="0" y="0"/>
              </Offset>
            </Anchor>
          </Anchors>
        </Texture>
        <FontString name="ArmoryFindFrameTotals" inherits="GameFontNormalSmall">
          <Size>
            <AbsDimension x="298" y="16"/>
          </Size>
          <Anchors>
            <Anchor point="BOTTOM">
              <Offset>
                <AbsDimension x="-10" y="178"/>
              </Offset>
            </Anchor>
          </Anchors>
        </FontString>
        <FontString name="ArmoryFindFrameDetailWho" inherits="GameFontHighlightSmall" justifyH="LEFT">
          <Size>
            <AbsDimension x="315" y="11"/>
          </Size>
          <Anchors>
            <Anchor point="TOPLEFT">
              <Offset>
                <AbsDimension x="23" y="-348"/>
              </Offset>
            </Anchor>
          </Anchors>
        </FontString>
        <FontString name="ArmoryFindFrameDetailWhere" inherits="GameFontNormalSmall" justifyH="LEFT" justifyV="TOP">
          <Size>
            <AbsDimension x="315" y="11"/>
          </Size>
          <Anchors>
            <Anchor point="TOPLEFT" relativeTo="ArmoryFindFrameDetailWho" relativePoint="BOTTOMLEFT">
              <Offset>
                <AbsDimension x="0" y="-3"/>
              </Offset>
            </Anchor>
          </Anchors>
        </FontString>
        <FontString name="ArmoryFindFrameDetailWhat" inherits="GameFontHighlightSmall" justifyH="LEFT" justifyV="TOP">
          <Size>
            <AbsDimension x="315" y="11"/>
          </Size>
          <Anchors>
            <Anchor point="TOPLEFT" relativeTo="ArmoryFindFrameDetailWhere" relativePoint="BOTTOMLEFT">
              <Offset>
                <AbsDimension x="0" y="-3"/>
              </Offset>
            </Anchor>
          </Anchors>
        </FontString>
        <FontString name="ArmoryFindFrameDetailCount" inherits="GameFontHighlightSmall" justifyH="LEFT" justifyV="TOP">
          <Size>
            <AbsDimension x="315" y="11"/>
          </Size>
          <Anchors>
            <Anchor point="TOPLEFT" relativeTo="ArmoryFindFrameDetailWhat" relativePoint="BOTTOMLEFT">
              <Offset>
                <AbsDimension x="0" y="-3"/>
              </Offset>
            </Anchor>
          </Anchors>
        </FontString>
      </Layer>
      <Layer level="OVERLAY">
        <FontString name="ArmoryFindFrameTitleText" inherits="GameFontNormal" text="ARMORY_CMD_FIND_MENUTEXT">
          <Size>
            <AbsDimension x="250" y="16"/>
          </Size>
          <Anchors>
            <Anchor point="TOP">
              <Offset>
                <AbsDimension x="3" y="-16"/>
              </Offset>
            </Anchor>
          </Anchors>
        </FontString>
      </Layer>
    </Layers>
    <Frames>
      <Button name="ArmoryFindFrameColumnHeader1" inherits="ArmoryFindFrameColumnHeaderTemplate" text="ARMORY_WHO">
        <Anchors>
          <Anchor point="TOPLEFT">
            <Offset>
              <AbsDimension x="20" y="-70"/>
            </Offset>
          </Anchor>
        </Anchors>
        <Scripts>
          <OnLoad>
            WhoFrameColumn_SetWidth(self, 83);
            self.sortType = "who";
          </OnLoad>
        </Scripts>
      </Button>
      <Button name="ArmoryFindFrameColumnHeader2" inherits="ArmoryFindFrameColumnHeaderTemplate" text="ARMORY_WHERE">
        <Anchors>
          <Anchor point="LEFT" relativeTo="ArmoryFindFrameColumnHeader1" relativePoint="RIGHT">
            <Offset>
              <AbsDimension x="-2" y="0"/>
            </Offset>
          </Anchor>
        </Anchors>
        <Scripts>
          <OnLoad>
            WhoFrameColumn_SetWidth(self, 86);
            self.sortType = "where";
          </OnLoad>
        </Scripts>
      </Button>
      <Button name="ArmoryFindFrameColumnHeader3" inherits="ArmoryFindFrameColumnHeaderTemplate" text="ARMORY_WHAT">
        <Anchors>
          <Anchor point="LEFT" relativeTo="ArmoryFindFrameColumnHeader2" relativePoint="RIGHT">
            <Offset>
              <AbsDimension x="-2" y="0"/>
            </Offset>
          </Anchor>
        </Anchors>
        <Scripts>
          <OnLoad>
            WhoFrameColumn_SetWidth(self, 131);
            self.sortType = "what";
          </OnLoad>
        </Scripts>
      </Button>
      <EditBox name="ArmoryFindFrameEditBox" autoFocus="false" historyLines="32">
        <Size>
          <AbsDimension x="128" y="20"/>
        </Size>
        <Anchors>
          <Anchor point="TOPLEFT">
            <Offset x="90" y="-42"/>
          </Anchor>
        </Anchors>
        <Layers>
          <Layer level="BACKGROUND">
            <Texture name="$parentLeft" file="Interface\Common\Common-Input-Border">
              <Size>
                <AbsDimension x="8" y="20"/>
              </Size>
              <Anchors>
                <Anchor point="TOPLEFT">
                  <Offset x="-5" y="0"/>
                </Anchor>
              </Anchors>
              <TexCoords left="0" right="0.0625" top="0" bottom="0.625"/>
            </Texture>
            <Texture name="$parentRight" file="Interface\Common\Common-Input-Border">
              <Size>
                <AbsDimension x="8" y="20"/>
              </Size>
              <Anchors>
                <Anchor point="RIGHT">
                  <Offset x="0" y="0"/>
                </Anchor>
              </Anchors>
              <TexCoords left="0.9375" right="1.0" top="0" bottom="0.625"/>
            </Texture>
            <Texture name="$parentMiddle" file="Interface\Common\Common-Input-Border">
              <Size>
                <AbsDimension x="0" y="20"/>
              </Size>
              <Anchors>
                <Anchor point="LEFT" relativeTo="$parentLeft" relativePoint="RIGHT"/>
                <Anchor point="RIGHT" relativeTo="$parentRight" relativePoint="LEFT"/>
              </Anchors>
              <TexCoords left="0.0625" right="0.9375" top="0" bottom="0.625"/>
            </Texture>
          </Layer>
        </Layers>
        <Scripts>
          <OnEnterPressed>
            self:ClearFocus();
            ArmoryFindFrameEditBox_OnEnterPressed(self);
          </OnEnterPressed>
          <OnEscapePressed>
            self:ClearFocus();
          </OnEscapePressed>
          <OnTextChanged>
            ArmoryFindFrameEditBox_OnTextChanged(self);
          </OnTextChanged>
          <OnEditFocusLost>
            self:HighlightText(0, 0);
            if ( self:GetText() == "" ) then
              self:SetText(SEARCH);
            end
          </OnEditFocusLost>
          <OnEditFocusGained>
            self:HighlightText();
            if ( self:GetText() == SEARCH ) then
              self:SetText("");
            end
          </OnEditFocusGained>
        </Scripts>
        <FontString inherits="ChatFontSmall"/>
      </EditBox>
      <Frame name="ArmoryFindTypeDropDown" inherits="ArmoryDropDownMenuTemplate">
        <Anchors>
          <Anchor point="LEFT" relativeTo="ArmoryFindFrameEditBox" relativePoint="RIGHT">
            <Offset>
              <AbsDimension x="-5" y="-2"/>
            </Offset>
          </Anchor>
        </Anchors>
        <Scripts>
          <OnLoad>
            ArmoryFindTypeDropDown_OnLoad(self);
          </OnLoad>
        </Scripts>
      </Frame>
      <Button name="ArmoryFindFrameCloseButton" inherits="UIPanelCloseButton">
        <Anchors>
          <Anchor point="TOPRIGHT">
            <Offset>
              <AbsDimension x="-30" y="-8"/>
            </Offset>
          </Anchor>
        </Anchors>
      </Button>
      <Button name="ArmoryFindFrameButton1" inherits="ArmoryFindFrameButtonTemplate" id="1">
        <Anchors>
          <Anchor point="TOPLEFT" relativeTo="ArmoryFindFrame">
            <Offset>
              <AbsDimension x="15" y="-95"/>
            </Offset>
          </Anchor>
        </Anchors>
      </Button>
      <Button name="ArmoryFindFrameButton2" inherits="ArmoryFindFrameButtonTemplate" id="2">
        <Anchors>
          <Anchor point="TOPLEFT" relativeTo="ArmoryFindFrameButton1" relativePoint="BOTTOMLEFT">
            <Offset>
              <AbsDimension x="0" y="0"/>
            </Offset>
          </Anchor>
        </Anchors>
      </Button>
      <Button name="ArmoryFindFrameButton3" inherits="ArmoryFindFrameButtonTemplate" id="3">
        <Anchors>
          <Anchor point="TOPLEFT" relativeTo="ArmoryFindFrameButton2" relativePoint="BOTTOMLEFT">
            <Offset>
              <AbsDimension x="0" y="0"/>
            </Offset>
          </Anchor>
        </Anchors>
      </Button>
      <Button name="ArmoryFindFrameButton4" inherits="ArmoryFindFrameButtonTemplate" id="4">
        <Anchors>
          <Anchor point="TOPLEFT" relativeTo="ArmoryFindFrameButton3" relativePoint="BOTTOMLEFT">
            <Offset>
              <AbsDimension x="0" y="0"/>
            </Offset>
          </Anchor>
        </Anchors>
      </Button>
      <Button name="ArmoryFindFrameButton5" inherits="ArmoryFindFrameButtonTemplate" id="5">
        <Anchors>
          <Anchor point="TOPLEFT" relativeTo="ArmoryFindFrameButton4" relativePoint="BOTTOMLEFT">
            <Offset>
              <AbsDimension x="0" y="0"/>
            </Offset>
          </Anchor>
        </Anchors>
      </Button>
      <Button name="ArmoryFindFrameButton6" inherits="ArmoryFindFrameButtonTemplate" id="6">
        <Anchors>
          <Anchor point="TOPLEFT" relativeTo="ArmoryFindFrameButton5" relativePoint="BOTTOMLEFT">
            <Offset>
              <AbsDimension x="0" y="0"/>
            </Offset>
          </Anchor>
        </Anchors>
      </Button>
      <Button name="ArmoryFindFrameButton7" inherits="ArmoryFindFrameButtonTemplate" id="7">
        <Anchors>
          <Anchor point="TOPLEFT" relativeTo="ArmoryFindFrameButton6" relativePoint="BOTTOMLEFT">
            <Offset>
              <AbsDimension x="0" y="0"/>
            </Offset>
          </Anchor>
        </Anchors>
      </Button>
      <Button name="ArmoryFindFrameButton8" inherits="ArmoryFindFrameButtonTemplate" id="8">
        <Anchors>
          <Anchor point="TOPLEFT" relativeTo="ArmoryFindFrameButton7" relativePoint="BOTTOMLEFT">
            <Offset>
              <AbsDimension x="0" y="0"/>
            </Offset>
          </Anchor>
        </Anchors>
      </Button>
      <Button name="ArmoryFindFrameButton9" inherits="ArmoryFindFrameButtonTemplate" id="9">
        <Anchors>
          <Anchor point="TOPLEFT" relativeTo="ArmoryFindFrameButton8" relativePoint="BOTTOMLEFT">
            <Offset>
              <AbsDimension x="0" y="0"/>
            </Offset>
          </Anchor>
        </Anchors>
      </Button>
      <Button name="ArmoryFindFrameButton10" inherits="ArmoryFindFrameButtonTemplate" id="10">
        <Anchors>
          <Anchor point="TOPLEFT" relativeTo="ArmoryFindFrameButton9" relativePoint="BOTTOMLEFT">
            <Offset>
              <AbsDimension x="0" y="0"/>
            </Offset>
          </Anchor>
        </Anchors>
      </Button>
      <Button name="ArmoryFindFrameButton11" inherits="ArmoryFindFrameButtonTemplate" id="11">
        <Anchors>
          <Anchor point="TOPLEFT" relativeTo="ArmoryFindFrameButton10" relativePoint="BOTTOMLEFT">
            <Offset>
              <AbsDimension x="0" y="0"/>
            </Offset>
          </Anchor>
        </Anchors>
      </Button>
      <Button name="ArmoryFindFrameButton12" inherits="ArmoryFindFrameButtonTemplate" id="12">
        <Anchors>
          <Anchor point="TOPLEFT" relativeTo="ArmoryFindFrameButton11" relativePoint="BOTTOMLEFT">
            <Offset>
              <AbsDimension x="0" y="0"/>
            </Offset>
          </Anchor>
        </Anchors>
      </Button>
      <Button name="ArmoryFindFrameButton13" inherits="ArmoryFindFrameButtonTemplate" id="13">
        <Anchors>
          <Anchor point="TOPLEFT" relativeTo="ArmoryFindFrameButton12" relativePoint="BOTTOMLEFT">
            <Offset>
              <AbsDimension x="0" y="0"/>
            </Offset>
          </Anchor>
        </Anchors>
      </Button>
      <ScrollFrame name="ArmoryFindFrameScrollFrame" inherits="FauxScrollFrameTemplate">
        <Size>
          <AbsDimension x="296" y="237"/>
        </Size>
        <Anchors>
          <Anchor point="TOPRIGHT" relativePoint="TOPRIGHT">
            <Offset>
              <AbsDimension x="-67" y="-96"/>
            </Offset>
          </Anchor>
        </Anchors>
        <Scripts>
          <OnVerticalScroll>
            FauxScrollFrame_OnVerticalScroll(self, offset, ARMORY_FIND_HEIGHT, ArmoryFindFrame_Update);
          </OnVerticalScroll>
        </Scripts>
        <Layers>
          <Layer level="BACKGROUND">
            <Texture file="Interface\PaperDollInfoFrame\UI-Character-ScrollBar">
              <Size>
                <AbsDimension x="31" y="226"/>
              </Size>
              <Anchors>
                <Anchor point="TOPLEFT" relativePoint="TOPRIGHT">
                  <Offset>
                    <AbsDimension x="-2" y="5"/>
                  </Offset>
                </Anchor>
              </Anchors>
              <TexCoords left="0" right="0.484375" top="0" bottom="1.0"/>
            </Texture>
            <Texture file="Interface\PaperDollInfoFrame\UI-Character-ScrollBar">
              <Size>
                <AbsDimension x="31" y="106"/>
              </Size>
              <Anchors>
                <Anchor point="BOTTOMLEFT" relativePoint="BOTTOMRIGHT">
                  <Offset>
                    <AbsDimension x="-2" y="-2"/>
                  </Offset>
                </Anchor>
              </Anchors>
              <TexCoords left="0.515625" right="1.0" top="0" bottom="0.4140625"/>
            </Texture>
          </Layer>
        </Layers>
      </ScrollFrame>
      <Button name="ArmoryFindButton" inherits="UIPanelButtonTemplate" text="ARMORY_FIND_BUTTON">
        <Size>
          <AbsDimension x="123" y="22"/>
        </Size>
        <Anchors>
          <Anchor point="BOTTOMLEFT">
            <Offset>
              <AbsDimension x="15" y="82"/>
            </Offset>
          </Anchor>
        </Anchors>
        <Scripts>
          <OnClick>
            ArmoryFindButton_OnClick(self);
          </OnClick>
        </Scripts>
        <NormalFont style="GameFontNormalSmall"/>
        <HighlightFont style="GameFontHighlightSmall"/>
        <DisabledFont style="GameFontDisableSmall"/>
      </Button>
      <CheckButton name="ArmoryFindFrameSearchGlobalCheckButton" inherits="UICheckButtonTemplate">
        <Size>
          <AbsDimension x="20" y="20"/>
        </Size>
        <Anchors>
          <Anchor point="BOTTOMLEFT">
            <Offset>
              <AbsDimension x="144" y="83"/>
            </Offset>
          </Anchor>
        </Anchors>
        <Scripts>
          <OnLoad>
            ArmoryFindFrameSearchGlobalCheckButtonText:SetText(ARMORY_GLOBAL);
          </OnLoad>
          <OnShow>
            self:SetChecked(Armory:GetConfigGlobalSearch());
          </OnShow>
          <OnClick>
            if ( self:GetChecked() ) then
              Armory:SetConfigGlobalSearch(true);
            else
              Armory:SetConfigGlobalSearch(false);
            end
          </OnClick>
          <OnEnter>
            self.oldnewbie = SHOW_NEWBIE_TIPS;
            SHOW_NEWBIE_TIPS = Armory:GetConfigShowNewbieTips() and "1";
            GameTooltip_AddNewbieTip(self, ARMORY_CMD_SET_GLOBALSEARCH_MENUTEXT, 1.0, 1.0, 1.0, ARMORY_CMD_SET_GLOBALSEARCH_TOOLTIP, 1);
          </OnEnter>
          <OnLeave>
            SHOW_NEWBIE_TIPS = self.oldnewbie;
            self.oldnewbie = nil;
            GameTooltip:Hide();
          </OnLeave>
        </Scripts>
        <HitRectInsets>
          <AbsInset left="0" right="-75" top="0" bottom="0"/>
        </HitRectInsets>
      </CheckButton>
      <CheckButton name="ArmoryFindFrameSearchExtendedCheckButton" inherits="UICheckButtonTemplate">
        <Size>
          <AbsDimension x="20" y="20"/>
        </Size>
        <Anchors>
          <Anchor point="BOTTOMLEFT">
            <Offset>
              <AbsDimension x="246" y="83"/>
            </Offset>
          </Anchor>
        </Anchors>
        <Scripts>
          <OnLoad>
            ArmoryFindFrameSearchExtendedCheckButtonText:SetText(ARMORY_EXTENDED);
          </OnLoad>
          <OnShow>
            self:SetChecked(Armory:GetConfigExtendedSearch());
          </OnShow>
          <OnClick>
            if ( self:GetChecked() ) then
              Armory:SetConfigExtendedSearch(true);
            else
              Armory:SetConfigExtendedSearch(false);
            end
          </OnClick>
          <OnEnter>
            self.oldnewbie = SHOW_NEWBIE_TIPS;
            SHOW_NEWBIE_TIPS = Armory:GetConfigShowNewbieTips() and "1";
            GameTooltip_AddNewbieTip(self, ARMORY_CMD_SET_EXTENDEDSEARCH_MENUTEXT, 1.0, 1.0, 1.0, ARMORY_CMD_SET_EXTENDEDSEARCH_TOOLTIP, 1);
          </OnEnter>
          <OnLeave>
            SHOW_NEWBIE_TIPS = self.oldnewbie;
            self.oldnewbie = nil;
            GameTooltip:Hide();
          </OnLeave>
        </Scripts>
        <HitRectInsets>
          <AbsInset left="0" right="-75" top="0" bottom="0"/>
        </HitRectInsets>
      </CheckButton>
    </Frames>
    <Scripts>
      <OnLoad>
        ArmoryFindFrame_OnLoad(self);
      </OnLoad>
      <OnShow>
        self:SetScale(Armory:GetConfigFrameScale());
        ArmoryFindFrame_OnShow(self);
      </OnShow>
      <OnMouseDown>
        if ( button == "LeftButton" ) then
          self:StartMoving();
          self.isMoving = true;
        end
      </OnMouseDown>
      <OnMouseUp>
        if ( self.isMoving ) then
          self:StopMovingOrSizing();
          self.isMoving = false;
        end
      </OnMouseUp>
      <OnMouseWheel>
        return;
      </OnMouseWheel>
    </Scripts>
  </Frame>
</Ui>