<!-- Revision: 310 2010-08-20T17:28:21Z -->
<Ui xmlns="http://www.blizzard.com/wow/ui/" xmlns:xsi="http://www.w3.org/2001/XMLSchema-instance" xsi:schemaLocation="http://www.blizzard.com/wow/ui/
..\..\..\FrameXML\UI.xsd">
  <Script file="ArmoryQuestLogFrame.lua"/>
  <Button name="ArmoryQuestLogTitleButtonTemplate" inherits="ArmoryQuestTitleButtonTemplate" virtual="true">
    <Scripts>
      <OnClick>
        ArmoryQuestLogTitleButton_OnClick(self, button);
      </OnClick>
      <OnEnter>
        ArmoryQuestLogTitleButton_OnEnter(self);
      </OnEnter>
      <OnLeave>
        ArmoryQuestLogTitleButton_OnLeave(self);
      </OnLeave>
    </Scripts>
  </Button>
  <Button name="ArmoryQuestInfoRewardItemTemplate" inherits="QuestItemTemplate" virtual="true">
    <Scripts>
      <OnEnter>
        GameTooltip:SetOwner(self, "ANCHOR_RIGHT");
        if ( self.rewardType == "item" ) then
          Armory:SetQuestLogItem(self.type, self:GetID());
          ArmoryShowCompareItem(GameTooltip, select(2, GameTooltip:GetItem()));
        elseif ( self.rewardType == "spell" ) then
          Armory:SetQuestLogRewardSpell();
        end
      </OnEnter>
      <OnLeave>
        ArmoryComparisonTooltip1:Hide();
        ArmoryComparisonTooltip2:Hide();
        GameTooltip:Hide();
        ResetCursor();
      </OnLeave>
      <OnClick>
        if ( self.rewardType == "spell" ) then
          if ( IsModifiedClick("CHATLINK") ) then
            ChatEdit_InsertLink(Armory:GetQuestLogSpellLink());
          end
        else
          HandleModifiedItemClick(self.link);
        end
      </OnClick>
    </Scripts>
  </Button>

  <Frame name="ArmoryQuestLogFrame" parent="ArmoryQuestFrame" hidden="false">
    <Size>
      <AbsDimension x="384" y="486"/>
    </Size>
    <Anchors>
      <Anchor point="TOPLEFT">
        <Offset>
          <AbsDimension x="0" y="0"/>
        </Offset>
      </Anchor>
    </Anchors>
    <Layers>
      <Layer level="BACKGROUND">
        <Texture file="Interface\Addons\Armory\Artwork\UI-QuestLog-TopLeft">
          <Size>
            <AbsDimension x="256" y="256"/>
          </Size>
          <Anchors>
            <Anchor point="TOPLEFT"/>
          </Anchors>
        </Texture>
        <Texture file="Interface\Addons\Armory\Artwork\UI-QuestLog-TopRight">
          <Size>
            <AbsDimension x="128" y="256"/>
          </Size>
          <Anchors>
            <Anchor point="TOPRIGHT"/>
          </Anchors>
        </Texture>
        <Texture file="Interface\Addons\Armory\Artwork\UI-QuestLog-BotLeft">
          <Size>
            <AbsDimension x="256" y="256"/>
          </Size>
          <Anchors>
            <Anchor point="BOTTOMLEFT"/>
          </Anchors>
        </Texture>
        <Texture file="Interface\Addons\Armory\Artwork\UI-QuestLog-BotRight">
          <Size>
            <AbsDimension x="128" y="256"/>
          </Size>
          <Anchors>
            <Anchor point="BOTTOMRIGHT"/>
          </Anchors>
        </Texture>
      </Layer>
    </Layers>
    <Frames>
      <Frame name="ArmoryQuestLogExpandButtonFrame">
        <Size>
          <AbsDimension x="54" y="32"/>
        </Size>
        <Anchors>
          <Anchor point="TOPLEFT">
            <Offset>
              <AbsDimension x="70" y="-48"/>
            </Offset>
          </Anchor>
        </Anchors>
        <Frames>
          <Button name="ArmoryQuestLogCollapseAllButton" hidden="false" inherits="ArmoryQuestTitleButtonTemplate" text="ALL">
            <Size>
              <AbsDimension x="40" y="22"/>
            </Size>
            <Anchors>
              <Anchor point="TOPLEFT">
                <Offset>
                  <AbsDimension x="0" y="-2"/>
                </Offset>
              </Anchor>
            </Anchors>
            <Layers>
              <Layer level="BACKGROUND">
                <Texture name="ArmoryQuestLogExpandTabLeft" file="Interface\QuestFrame\UI-QuestLogSortTab-Left">
                  <Size>
                    <AbsDimension x="8" y="32"/>
                  </Size>
                  <Anchors>
                    <Anchor point="TOPLEFT">
                      <Offset>
                        <AbsDimension x="-6" y="8"/>
                      </Offset>
                    </Anchor>
                  </Anchors>
                </Texture>
                <Texture name="ArmoryQuestLogExpandTabMiddle" file="Interface\QuestFrame\UI-QuestLogSortTab-Middle">
                  <Size>
                    <AbsDimension x="38" y="32"/>
                  </Size>
                  <Anchors>
                    <Anchor point="LEFT" relativeTo="ArmoryQuestLogExpandTabLeft" relativePoint="RIGHT">
                      <Offset>
                        <AbsDimension x="0" y="0"/>
                      </Offset>
                    </Anchor>
                  </Anchors>
                </Texture>
                <Texture file="Interface\QuestFrame\UI-QuestLogSortTab-Right">
                  <Size>
                    <AbsDimension x="8" y="32"/>
                  </Size>
                  <Anchors>
                    <Anchor point="LEFT" relativeTo="ArmoryQuestLogExpandTabMiddle" relativePoint="RIGHT"/>
                  </Anchors>
                </Texture>
              </Layer>
            </Layers>
            <Scripts>
              <OnLoad>
                ArmoryQuestLogCollapseAllButtonNormalText:SetWidth(0);
                ArmoryQuestLogExpandTabMiddle:SetWidth(self:GetTextWidth() + 24);
              </OnLoad>
              <OnClick>
                ArmoryQuestLogCollapseAllButton_OnClick(self);
              </OnClick>
            </Scripts>
          </Button>
        </Frames>
      </Frame>
      <Frame name="ArmoryEmptyQuestLogFrame" hidden="true">
        <Size>
          <AbsDimension x="384" y="486"/>
        </Size>
        <Anchors>
          <Anchor point="TOPLEFT">
            <Offset>
              <AbsDimension x="19" y="-73"/>
            </Offset>
          </Anchor>
        </Anchors>
        <Layers>
          <Layer level="BACKGROUND">
            <Texture file="Interface\Addons\Armory\Artwork\UI-QuestLog-Empty-TopLeft">
              <Size>
                <AbsDimension x="256" y="256"/>
              </Size>
              <Anchors>
                <Anchor point="TOPLEFT"/>
              </Anchors>
            </Texture>
            <Texture file="Interface\Addons\Armory\Artwork\UI-QuestLog-Empty-TopRight">
              <Size>
                <AbsDimension x="64" y="256"/>
              </Size>
              <Anchors>
                <Anchor point="TOPRIGHT">
                  <Offset>
                    <AbsDimension x="-64" y="0"/>
                  </Offset>
                </Anchor>
              </Anchors>
            </Texture>
            <Texture file="Interface\Addons\Armory\Artwork\UI-QuestLog-Empty-BotLeft">
              <Size>
                <AbsDimension x="256" y="128"/>
              </Size>
              <Anchors>
                <Anchor point="BOTTOMLEFT">
                  <Offset>
                    <AbsDimension x="0" y="128"/>
                  </Offset>
                </Anchor>
              </Anchors>
            </Texture>
            <Texture file="Interface\Addons\Armory\Artwork\UI-QuestLog-Empty-BotRight">
              <Size>
                <AbsDimension x="64" y="128"/>
              </Size>
              <Anchors>
                <Anchor point="BOTTOMRIGHT">
                  <Offset>
                    <AbsDimension x="-64" y="128"/>
                  </Offset>
                </Anchor>
              </Anchors>
            </Texture>
            <FontString name="ArmoryQuestLogNoQuestsText" inherits="GameFontHighlight" text="QUESTLOG_NO_QUESTS_TEXT">
              <Size>
                <AbsDimension x="200" y="16"/>
              </Size>
              <Anchors>
                <Anchor point="TOP" relativeTo="ArmoryQuestTitleText">
                  <Offset>
                    <AbsDimension x="-20" y="-90"/>
                  </Offset>
                </Anchor>
              </Anchors>
            </FontString>
          </Layer>
        </Layers>
      </Frame>
      <Frame name="ArmoryQuestLogCount">
        <Size>
          <AbsDimension x="380" y="20"/>
        </Size>
        <Anchors>
          <Anchor point="BOTTOMLEFT" relativeTo="ArmoryQuestLogFrame">
            <Offset>
              <AbsDimension x="30" y="51"/>
            </Offset>
          </Anchor>
        </Anchors>
        <Layers>
          <Layer level="BACKGROUND">
            <FontString name="ArmoryQuestLogQuestCount" inherits="GameFontNormalSmall">
              <Anchors>
                <Anchor point="TOPLEFT" />
              </Anchors>
            </FontString>
            <FontString name="ArmoryQuestLogDailyQuestCount" inherits="GameFontNormalSmall" text="Daily: 25/25">
              <Anchors>
                <Anchor point="TOPLEFT">
                  <Offset>
                    <AbsDimension x="123" y="0"/>
                  </Offset>
                </Anchor>
              </Anchors>
            </FontString>
          </Layer>
        </Layers>
      </Frame>
      <Frame name="ArmoryQuestLogHighlightFrame" hidden="true">
        <Size>
          <AbsDimension x="293" y="16"/>
        </Size>
        <Anchors>
          <Anchor point="TOPLEFT"/>
        </Anchors>
        <Layers>
          <Layer level="ARTWORK">
            <Texture name="ArmoryQuestLogSkillHighlight" file="Interface\QuestFrame\UI-QuestLogTitleHighlight" alphaMode="ADD"/>
          </Layer>
        </Layers>
      </Frame>
      <Button name="ArmoryQuestLogTitle1" inherits="ArmoryQuestLogTitleButtonTemplate" id="1" hidden="true">
        <Anchors>
          <Anchor point="TOPLEFT" relativeTo="ArmoryQuestLogFrame">
            <Offset>
              <AbsDimension x="19" y="-75"/>
            </Offset>
          </Anchor>
        </Anchors>
      </Button>
      <Button name="ArmoryQuestLogTitle2" inherits="ArmoryQuestLogTitleButtonTemplate" id="2" hidden="true">
        <Anchors>
          <Anchor point="TOPLEFT" relativeTo="ArmoryQuestLogTitle1" relativePoint="BOTTOMLEFT">
            <Offset>
              <AbsDimension x="0" y="1"/>
            </Offset>
          </Anchor>
        </Anchors>
      </Button>
      <Button name="ArmoryQuestLogTitle3" inherits="ArmoryQuestLogTitleButtonTemplate" id="3" hidden="true">
        <Anchors>
          <Anchor point="TOPLEFT" relativeTo="ArmoryQuestLogTitle2" relativePoint="BOTTOMLEFT">
            <Offset>
              <AbsDimension x="0" y="1"/>
            </Offset>
          </Anchor>
        </Anchors>
      </Button>
      <Button name="ArmoryQuestLogTitle4" inherits="ArmoryQuestLogTitleButtonTemplate" id="4" hidden="true">
        <Anchors>
          <Anchor point="TOPLEFT" relativeTo="ArmoryQuestLogTitle3" relativePoint="BOTTOMLEFT">
            <Offset>
              <AbsDimension x="0" y="1"/>
            </Offset>
          </Anchor>
        </Anchors>
      </Button>
      <Button name="ArmoryQuestLogTitle5" inherits="ArmoryQuestLogTitleButtonTemplate" id="5" hidden="true">
        <Anchors>
          <Anchor point="TOPLEFT" relativeTo="ArmoryQuestLogTitle4" relativePoint="BOTTOMLEFT">
            <Offset>
              <AbsDimension x="0" y="1"/>
            </Offset>
          </Anchor>
        </Anchors>
      </Button>
      <Button name="ArmoryQuestLogTitle6" inherits="ArmoryQuestLogTitleButtonTemplate" id="6" hidden="true">
        <Anchors>
          <Anchor point="TOPLEFT" relativeTo="ArmoryQuestLogTitle5" relativePoint="BOTTOMLEFT">
            <Offset>
              <AbsDimension x="0" y="1"/>
            </Offset>
          </Anchor>
        </Anchors>
      </Button>
      <ScrollFrame name="ArmoryQuestLogListScrollFrame" inherits="FauxScrollFrameTemplate">
        <Size>
          <AbsDimension x="300" y="93"/>
        </Size>
        <Anchors>
          <Anchor point="TOPLEFT" relativeTo="ArmoryQuestLogFrame">
            <Offset>
              <AbsDimension x="19" y="-75"/>
            </Offset>
          </Anchor>
        </Anchors>
        <Scripts>
          <OnVerticalScroll>
            FauxScrollFrame_OnVerticalScroll(self, offset, ARMORY_QUESTLOG_QUEST_HEIGHT, ArmoryQuestLog_Update);
          </OnVerticalScroll>
        </Scripts>
      </ScrollFrame>
      
      <ScrollFrame name="ArmoryQuestLogDetailScrollFrame" inherits="UIPanelScrollFrameTemplate">
        <Size>
          <AbsDimension x="300" y="235"/>
        </Size>
        <Anchors>
          <Anchor point="TOPLEFT" relativeTo="ArmoryQuestLogListScrollFrame" relativePoint="BOTTOMLEFT">
            <Offset>
              <AbsDimension x="0" y="-7"/>
            </Offset>
          </Anchor>
        </Anchors>
        <ScrollChild>
          <Frame name="ArmoryQuestLogDetailScrollChildFrame">
            <Size>
              <AbsDimension x="300" y="235"/>
            </Size>
          </Frame>
        </ScrollChild>
      </ScrollFrame>
    </Frames>
    <Scripts>
      <OnLoad>
        ArmoryQuestLogFrame_OnLoad(self);
      </OnLoad>
      <OnEvent>
        ArmoryQuestLogFrame_OnEvent(self, event, ...);
      </OnEvent>
      <OnShow>
        ArmoryQuestLogFrame_OnShow(self);
      </OnShow>
    </Scripts>
  </Frame>

  <Frame name="ArmoryQuestInfoObjectivesFrame" hidden="true">
    <Size>
      <AbsDimension x="285" y="10"/>
    </Size>
    <Anchors>
      <Anchor point="CENTER" />
    </Anchors>
    <Layers>
      <Layer level="BACKGROUND">
        <FontString name="ArmoryQuestInfoObjective1" inherits="QuestFontNormalSmall" justifyH="LEFT" hidden="true">
          <Size>
            <AbsDimension x="285" y="0"/>
          </Size>
          <Anchors>
            <Anchor point="TOPLEFT" />
          </Anchors>
        </FontString>
        <FontString name="ArmoryQuestInfoObjective2" inherits="QuestFontNormalSmall" justifyH="LEFT" hidden="true">
          <Size>
            <AbsDimension x="285" y="0"/>
          </Size>
          <Anchors>
            <Anchor point="TOPLEFT" relativeTo="ArmoryQuestInfoObjective1" relativePoint="BOTTOMLEFT">
              <Offset>
                <AbsDimension x="0" y="-2"/>
              </Offset>
            </Anchor>
          </Anchors>
        </FontString>
        <FontString name="ArmoryQuestInfoObjective3" inherits="QuestFontNormalSmall" justifyH="LEFT" hidden="true">
          <Size>
            <AbsDimension x="285" y="0"/>
          </Size>
          <Anchors>
            <Anchor point="TOPLEFT" relativeTo="ArmoryQuestInfoObjective2" relativePoint="BOTTOMLEFT">
              <Offset>
                <AbsDimension x="0" y="-2"/>
              </Offset>
            </Anchor>
          </Anchors>
        </FontString>
        <FontString name="ArmoryQuestInfoObjective4" inherits="QuestFontNormalSmall" justifyH="LEFT" hidden="true">
          <Size>
            <AbsDimension x="285" y="0"/>
          </Size>
          <Anchors>
            <Anchor point="TOPLEFT" relativeTo="ArmoryQuestInfoObjective3" relativePoint="BOTTOMLEFT">
              <Offset>
                <AbsDimension x="0" y="-2"/>
              </Offset>
            </Anchor>
          </Anchors>
        </FontString>
        <FontString name="ArmoryQuestInfoObjective5" inherits="QuestFontNormalSmall" justifyH="LEFT" hidden="true">
          <Size>
            <AbsDimension x="285" y="0"/>
          </Size>
          <Anchors>
            <Anchor point="TOPLEFT" relativeTo="ArmoryQuestInfoObjective4" relativePoint="BOTTOMLEFT">
              <Offset>
                <AbsDimension x="0" y="-2"/>
              </Offset>
            </Anchor>
          </Anchors>
        </FontString>
        <FontString name="ArmoryQuestInfoObjective6" inherits="QuestFontNormalSmall" justifyH="LEFT" hidden="true">
          <Size>
            <AbsDimension x="285" y="0"/>
          </Size>
          <Anchors>
            <Anchor point="TOPLEFT" relativeTo="ArmoryQuestInfoObjective5" relativePoint="BOTTOMLEFT">
              <Offset>
                <AbsDimension x="0" y="-2"/>
              </Offset>
            </Anchor>
          </Anchors>
        </FontString>
        <FontString name="ArmoryQuestInfoObjective7" inherits="QuestFontNormalSmall" justifyH="LEFT" hidden="true">
          <Size>
            <AbsDimension x="285" y="0"/>
          </Size>
          <Anchors>
            <Anchor point="TOPLEFT" relativeTo="ArmoryQuestInfoObjective6" relativePoint="BOTTOMLEFT">
              <Offset>
                <AbsDimension x="0" y="-2"/>
              </Offset>
            </Anchor>
          </Anchors>
        </FontString>
        <FontString name="ArmoryQuestInfoObjective8" inherits="QuestFontNormalSmall" justifyH="LEFT" hidden="true">
          <Size>
            <AbsDimension x="285" y="0"/>
          </Size>
          <Anchors>
            <Anchor point="TOPLEFT" relativeTo="ArmoryQuestInfoObjective7" relativePoint="BOTTOMLEFT">
              <Offset>
                <AbsDimension x="0" y="-2"/>
              </Offset>
            </Anchor>
          </Anchors>
        </FontString>
        <FontString name="ArmoryQuestInfoObjective9" inherits="QuestFontNormalSmall" justifyH="LEFT" hidden="true">
          <Size>
            <AbsDimension x="285" y="0"/>
          </Size>
          <Anchors>
            <Anchor point="TOPLEFT" relativeTo="ArmoryQuestInfoObjective8" relativePoint="BOTTOMLEFT">
              <Offset>
                <AbsDimension x="0" y="-2"/>
              </Offset>
            </Anchor>
          </Anchors>
        </FontString>
        <FontString name="ArmoryQuestInfoObjective10" inherits="QuestFontNormalSmall" justifyH="LEFT" hidden="true">
          <Size>
            <AbsDimension x="285" y="0"/>
          </Size>
          <Anchors>
            <Anchor point="TOPLEFT" relativeTo="ArmoryQuestInfoObjective9" relativePoint="BOTTOMLEFT">
              <Offset>
                <AbsDimension x="0" y="-2"/>
              </Offset>
            </Anchor>
          </Anchors>
        </FontString>
      </Layer>
    </Layers>
  </Frame>

  <Frame name="ArmoryQuestInfoTimerFrame" hidden="true">
    <Size>
      <AbsDimension x="1" y="1"/>
    </Size>
    <Anchors>
      <Anchor point="CENTER" />
    </Anchors>
    <Layers>
      <Layer level="BACKGROUND">
        <FontString name="ArmoryQuestInfoTimerText" inherits="QuestFontNormalSmall" justifyH="LEFT" hidden="false">
          <Size>
            <AbsDimension x="285" y="0"/>
          </Size>
          <Anchors>
            <Anchor point="TOPLEFT" />
          </Anchors>
          <Color r="0" g="0" b="0" />
        </FontString>
      </Layer>
    </Layers>
    <Scripts>
      <OnUpdate function="ArmoryQuestInfoTimerFrame_OnUpdate"/>
    </Scripts>
  </Frame>

  <Frame name="ArmoryQuestInfoRequiredMoneyFrame">
    <Size>
      <AbsDimension x="285" y="28"/>
    </Size>
    <Layers>
      <Layer level="BACKGROUND">
        <FontString name="ArmoryQuestInfoRequiredMoneyText" inherits="QuestFontNormalSmall" text="REQUIRED_MONEY">
          <Anchors>
            <Anchor point="LEFT"/>
          </Anchors>
        </FontString>
      </Layer>
    </Layers>
    <Frames>
      <Frame name="ArmoryQuestInfoRequiredMoneyDisplay" inherits="MoneyFrameTemplate">
        <Anchors>
          <Anchor point="LEFT" relativeTo="ArmoryQuestInfoRequiredMoneyText" relativePoint="RIGHT">
            <Offset>
              <AbsDimension x="10" y="0"/>
            </Offset>
          </Anchor>
        </Anchors>
        <Scripts>
          <OnLoad>
            SmallMoneyFrame_OnLoad(self);
            MoneyFrame_SetType(self, "STATIC");
          </OnLoad>
        </Scripts>
      </Frame>
    </Frames>
  </Frame>

  <Frame name="ArmoryQuestInfoFrame" hidden="true">
    <Size>
      <AbsDimension x="300" y="100"/>
    </Size>
    <Layers>
      <Layer level="BACKGROUND">
        <FontString name="ArmoryQuestInfoTitleHeader" inherits="QuestTitleFont" justifyH="LEFT" text="Quest title">
          <Size>
            <AbsDimension x="285" y="0"/>
          </Size>
        </FontString>
        <FontString name="ArmoryQuestInfoObjectivesText" inherits="QuestFont" justifyH="LEFT">
          <Size>
            <AbsDimension x="285" y="0"/>
          </Size>
        </FontString>
        <FontString name="ArmoryQuestInfoRewardText" inherits="QuestFont" justifyH="LEFT">
          <Size>
            <AbsDimension x="285" y="0"/>
          </Size>
        </FontString>
        <FontString name="ArmoryQuestInfoRequiredMoneyText" inherits="QuestFontNormalSmall" text="REQUIRED_MONEY" />
        <FontString name="ArmoryQuestInfoGroupSize" inherits="QuestFont" />
        <FontString name="ArmoryQuestInfoAnchor" inherits="QuestFont" />
        <FontString name="ArmoryQuestInfoDescriptionHeader" inherits="QuestTitleFont" justifyH="LEFT" text="QUEST_DESCRIPTION">
          <Size>
            <AbsDimension x="285" y="0"/>
          </Size>
        </FontString>
        <FontString name="ArmoryQuestInfoObjectivesHeader" inherits="QuestTitleFont" text="QUEST_OBJECTIVES"  justifyH="LEFT">
          <Size>
            <AbsDimension x="285" y="0"/>
          </Size>
        </FontString>
        <FontString name="ArmoryQuestInfoDescriptionText" inherits="QuestFont" justifyH="LEFT">
          <Size>
            <AbsDimension x="285" y="0"/>
          </Size>
        </FontString>
      </Layer>
    </Layers>
    <Frames>
      <Frame name="ArmoryQuestInfoSpacerFrame">
        <Size>
          <AbsDimension x="5" y="5"/>
        </Size>
      </Frame>
    </Frames>
    <Scripts>
      <OnLoad>
        self.material = "Parchment";
      </OnLoad>
    </Scripts>
  </Frame>

  <Frame name="ArmoryQuestInfoRewardsFrame" hidden="true">
    <Size>
      <AbsDimension x="285" y="10" />
    </Size>
    <Anchors>
      <Anchor point="CENTER" />
    </Anchors>
    <Layers>
      <Layer level="BACKGROUND">
        <FontString name="ArmoryQuestInfoRewardsHeader" inherits="QuestTitleFont" text="QUEST_REWARDS" justifyH="LEFT">
          <Size>
            <AbsDimension x="285" y="0"/>
          </Size>
          <Anchors>
            <Anchor point="TOPLEFT" />
          </Anchors>
        </FontString>
        <FontString name="ArmoryQuestInfoItemChooseText" inherits="QuestFont" text="REWARD_CHOICES" hidden="true" justifyH="LEFT">
          <Size>
            <AbsDimension x="285" y="0"/>
          </Size>
          <Anchors>
            <Anchor point="TOPLEFT" relativeTo="ArmoryQuestInfoRewardsHeader" relativePoint="BOTTOMLEFT">
              <Offset>
                <AbsDimension x="0" y="-5"/>
              </Offset>
            </Anchor>
          </Anchors>
        </FontString>
        <FontString name="ArmoryQuestInfoItemReceiveText" inherits="QuestFont" hidden="true" justifyH="LEFT" />
        <FontString name="ArmoryQuestInfoSpellLearnText" inherits="QuestFont" hidden="true" justifyH="LEFT" />
      </Layer>
    </Layers>
    <Frames>
      <Button name="ArmoryQuestInfoItem1" inherits="ArmoryQuestInfoRewardItemTemplate" hidden="true" />
      <Button name="ArmoryQuestInfoItem2" inherits="ArmoryQuestInfoRewardItemTemplate" hidden="true" />
      <Button name="ArmoryQuestInfoItem3" inherits="ArmoryQuestInfoRewardItemTemplate" hidden="true" />
      <Button name="ArmoryQuestInfoItem4" inherits="ArmoryQuestInfoRewardItemTemplate" hidden="true" />
      <Button name="ArmoryQuestInfoItem5" inherits="ArmoryQuestInfoRewardItemTemplate" hidden="true" />
      <Button name="ArmoryQuestInfoItem6" inherits="ArmoryQuestInfoRewardItemTemplate" hidden="true" />
      <Button name="ArmoryQuestInfoItem7" inherits="ArmoryQuestInfoRewardItemTemplate" hidden="true" />
      <Button name="ArmoryQuestInfoItem8" inherits="ArmoryQuestInfoRewardItemTemplate" hidden="true" />
      <Button name="ArmoryQuestInfoItem9" inherits="ArmoryQuestInfoRewardItemTemplate" hidden="true" />
      <Button name="ArmoryQuestInfoItem10" inherits="ArmoryQuestInfoRewardItemTemplate" hidden="true" />
      <Frame name="ArmoryQuestInfoMoneyFrame" inherits="MoneyFrameTemplate">
        <Anchors>
          <Anchor point="LEFT" relativeTo="ArmoryQuestInfoItemReceiveText" relativePoint="RIGHT">
            <Offset>
              <AbsDimension x="15" y="0"/>
            </Offset>
          </Anchor>
        </Anchors>
        <Scripts>
          <OnLoad>
            MoneyFrame_OnLoad(self);
            MoneyFrame_SetType(self, "STATIC");
          </OnLoad>
        </Scripts>
      </Frame>
      <Frame name="ArmoryQuestInfoHonorFrame" inherits="QuestHonorFrameTemplate">
        <Scripts>
          <OnLoad>
            --
          </OnLoad>
          <OnShow>
            local factionGroup = Armory:UnitFactionGroup("player");
            if ( factionGroup ) then
              self.icon:SetTexture("Interface\\TargetingFrame\\UI-PVP-"..factionGroup);
              self.icon:Show();
            else
              self.icon:Hide();
            end
          </OnShow>
        </Scripts>
      </Frame>
      <Frame name="ArmoryQuestInfoArenaPointsFrame" inherits="QuestArenaPointsFrameTemplate" />
      <Frame name="ArmoryQuestInfoTalentFrame" inherits="QuestTalentFrameTemplate" />
      <Frame name="ArmoryQuestInfoXPFrame" inherits="QuestXPFrameTemplate" />
      <Frame name="ArmoryQuestInfoPlayerTitleFrame" inherits="QuestPlayerTitleFrameTemplate" />
      <Frame name="ArmoryQuestInfoReputationsFrame" hidden="true">
        <Size>
          <AbsDimension x="285" y="100"/>
        </Size>
        <Anchors>
          <Anchor point="CENTER" />
        </Anchors>
        <Layers>
          <Layer level="BACKGROUND">
            <FontString name="ArmoryQuestInfoReputationText" inherits="QuestFont" justifyH="LEFT" text="REWARD_REPUTATION_TEXT">
              <Size>
                <AbsDimension x="285" y="0"/>
              </Size>
              <Anchors>
                <Anchor point="TOPLEFT" />
              </Anchors>
            </FontString>
          </Layer>
        </Layers>
        <Frames>
          <Frame name="ArmoryQuestInfoReputation1" inherits="QuestReputationTemplate" hidden="true">
            <Anchors>
              <Anchor point="TOPLEFT" relativeTo="ArmoryQuestInfoReputationText" relativePoint="BOTTOMLEFT">
                <Offset>
                  <AbsDimension x="0" y="-2"/>
                </Offset>
              </Anchor>
            </Anchors>
          </Frame>
          <Frame name="ArmoryQuestInfoReputation2" inherits="QuestReputationTemplate" hidden="true">
            <Anchors>
              <Anchor point="TOPLEFT" relativeTo="ArmoryQuestInfoReputation1" relativePoint="BOTTOMLEFT">
                <Offset>
                  <AbsDimension x="0" y="-2"/>
                </Offset>
              </Anchor>
            </Anchors>
          </Frame>
          <Frame name="ArmoryQuestInfoReputation3" inherits="QuestReputationTemplate" hidden="true">
            <Anchors>
              <Anchor point="TOPLEFT" relativeTo="ArmoryQuestInfoReputation2" relativePoint="BOTTOMLEFT">
                <Offset>
                  <AbsDimension x="0" y="-2"/>
                </Offset>
              </Anchor>
            </Anchors>
          </Frame>
          <Frame name="ArmoryQuestInfoReputation4" inherits="QuestReputationTemplate" hidden="true">
            <Anchors>
              <Anchor point="TOPLEFT" relativeTo="ArmoryQuestInfoReputation3" relativePoint="BOTTOMLEFT">
                <Offset>
                  <AbsDimension x="0" y="-2"/>
                </Offset>
              </Anchor>
            </Anchors>
          </Frame>
          <Frame name="ArmoryQuestInfoReputation5" inherits="QuestReputationTemplate" hidden="true">
            <Anchors>
              <Anchor point="TOPLEFT" relativeTo="ArmoryQuestInfoReputation4" relativePoint="BOTTOMLEFT">
                <Offset>
                  <AbsDimension x="0" y="-2"/>
                </Offset>
              </Anchor>
            </Anchors>
          </Frame>
          <Frame name="ArmoryQuestInfoReputation6" inherits="QuestReputationTemplate" hidden="true">
            <Anchors>
              <Anchor point="TOPLEFT" relativeTo="ArmoryQuestInfoReputation5" relativePoint="BOTTOMLEFT">
                <Offset>
                  <AbsDimension x="0" y="-2"/>
                </Offset>
              </Anchor>
            </Anchors>
          </Frame>
          <Frame name="ArmoryQuestInfoReputation7" inherits="QuestReputationTemplate" hidden="true">
            <Anchors>
              <Anchor point="TOPLEFT" relativeTo="ArmoryQuestInfoReputation6" relativePoint="BOTTOMLEFT">
                <Offset>
                  <AbsDimension x="0" y="-2"/>
                </Offset>
              </Anchor>
            </Anchors>
          </Frame>
          <Frame name="ArmoryQuestInfoReputation8" inherits="QuestReputationTemplate" hidden="true">
            <Anchors>
              <Anchor point="TOPLEFT" relativeTo="ArmoryQuestInfoReputation7" relativePoint="BOTTOMLEFT">
                <Offset>
                  <AbsDimension x="0" y="-2"/>
                </Offset>
              </Anchor>
            </Anchors>
          </Frame>
          <Frame name="ArmoryQuestInfoReputation9" inherits="QuestReputationTemplate" hidden="true">
            <Anchors>
              <Anchor point="TOPLEFT" relativeTo="ArmoryQuestInfoReputation8" relativePoint="BOTTOMLEFT">
                <Offset>
                  <AbsDimension x="0" y="-2"/>
                </Offset>
              </Anchor>
            </Anchors>
          </Frame>
          <Frame name="ArmoryQuestInfoReputation10" inherits="QuestReputationTemplate" hidden="true">
            <Anchors>
              <Anchor point="TOPLEFT" relativeTo="ArmoryQuestInfoReputation9" relativePoint="BOTTOMLEFT">
                <Offset>
                  <AbsDimension x="0" y="-2"/>
                </Offset>
              </Anchor>
            </Anchors>
          </Frame>
        </Frames>
      </Frame>
    </Frames>
  </Frame>

</Ui>