<!-- Revision: 310 2010-08-20T17:28:21Z -->
<Ui xmlns="http://www.blizzard.com/wow/ui/" xmlns:xsi="http://www.w3.org/2001/XMLSchema-instance" xsi:schemaLocation="http://www.blizzard.com/wow/ui/
..\..\..\FrameXML\UI.xsd">
  <Script file="ArmoryQuestFrame.lua"/>
  <Button name="ArmoryQuestTitleButtonTemplate" virtual="true">
    <Size>
      <AbsDimension x="300" y="16"/>
    </Size>
    <Layers>
      <Layer level="BACKGROUND">
        <FontString name="$parentTag" inherits="GameFontNormal" justifyH="RIGHT" parentKey="tag">
          <Size>
            <AbsDimension x="0" y="16"/>
          </Size>
          <Anchors>
            <Anchor point="RIGHT">
              <Offset>
                <AbsDimension x="-2" y="0"/>
              </Offset>
            </Anchor>
          </Anchors>
        </FontString>
      </Layer>
    </Layers>
    <NormalTexture file="Interface\Buttons\UI-MinusButton-UP">
      <Size>
        <AbsDimension x="16" y="16"/>
      </Size>
      <Anchors>
        <Anchor point="LEFT">
          <Offset>
            <AbsDimension x="3" y="0"/>
          </Offset>
        </Anchor>
      </Anchors>
    </NormalTexture>
    <HighlightTexture name="$parentHighlight" file="Interface\Buttons\UI-PlusButton-Hilight" alphaMode="ADD">
      <Size>
        <AbsDimension x="16" y="16"/>
      </Size>
      <Anchors>
        <Anchor point="LEFT">
          <Offset>
            <AbsDimension x="3" y="0"/>
          </Offset>
        </Anchor>
      </Anchors>
    </HighlightTexture>
    <ButtonText name="$parentNormalText" nonspacewrap="true">
      <Size>
        <AbsDimension x="0" y="10"/>
      </Size>
      <Anchors>
        <Anchor point="LEFT">
          <Offset>
            <AbsDimension x="20" y="0"/>
          </Offset>
        </Anchor>
      </Anchors>
    </ButtonText>
    <NormalFont style="GameFontNormalLeft" />
    <HighlightFont style="GameFontHighlightLeft" />
    <DisabledFont style="GameFontHighlightLeft" />
  </Button>
  <Frame name="ArmoryQuestFrame" enableMouse="true" movable="true" parent="ArmoryFrame" hidden="true">
    <Size>
      <AbsDimension x="384" y="512"/>
    </Size>
    <Anchors>
      <Anchor point="TOPLEFT" relativeTo="ArmoryFrame" relativePoint="TOPRIGHT">
        <Offset>
          <AbsDimension x="0" y="0"/>
        </Offset>
      </Anchor>
    </Anchors>
    <HitRectInsets>
      <AbsInset left="0" right="35" top="0" bottom="75"/>
    </HitRectInsets>
    <Layers>
      <Layer level="BACKGROUND">
        <Texture file="Interface\QuestFrame\UI-QuestLog-BookIcon">
          <Size>
            <AbsDimension x="64" y="64"/>
          </Size>
          <Anchors>
            <Anchor point="TOPLEFT">
              <Offset>
                <AbsDimension x="4" y="-4"/>
              </Offset>
            </Anchor>
          </Anchors>
        </Texture>
      </Layer>
    </Layers>
    <Frames>
      <Frame>
        <Layers>
          <Layer level="OVERLAY">
            <FontString name="ArmoryQuestTitleText" inherits="GameFontNormal" text="QUEST_LOG">
              <Anchors>
                <Anchor point="TOP" relativeTo="ArmoryQuestFrame" relativePoint="TOP">
                  <Offset>
                    <AbsDimension x="0" y="-17"/>
                  </Offset>
                </Anchor>
              </Anchors>
            </FontString>
          </Layer>
        </Layers>
      </Frame>
      <EditBox name="ArmoryQuestFrameEditBox" autoFocus="false">
        <Size>
          <AbsDimension x="128" y="20"/>
        </Size>
        <Anchors>
          <Anchor point="TOPRIGHT">
            <Offset x="-45" y="-45"/>
          </Anchor>
        </Anchors>
        <Layers>
          <Layer level="BORDER">
            <Texture name="$parentLeft" file="Interface\Common\Common-Input-Border">
              <Size>
                <AbsDimension x="8" y="20"/>
              </Size>
              <Anchors>
                <Anchor point="TOPLEFT">
                  <Offset x="-5" y="0"/>
                </Anchor>
              </Anchors>
              <TexCoords left="0" right="0.0625" top="0" bottom="0.625"/>
            </Texture>
            <Texture name="$parentRight" file="Interface\Common\Common-Input-Border">
              <Size>
                <AbsDimension x="8" y="20"/>
              </Size>
              <Anchors>
                <Anchor point="RIGHT">
                  <Offset x="0" y="0"/>
                </Anchor>
              </Anchors>
              <TexCoords left="0.9375" right="1.0" top="0" bottom="0.625"/>
            </Texture>
            <Texture name="$parentMiddle" file="Interface\Common\Common-Input-Border">
              <Size>
                <AbsDimension x="0" y="20"/>
              </Size>
              <Anchors>
                <Anchor point="LEFT" relativeTo="$parentLeft" relativePoint="RIGHT"/>
                <Anchor point="RIGHT" relativeTo="$parentRight" relativePoint="LEFT"/>
              </Anchors>
              <TexCoords left="0.0625" right="0.9375" top="0" bottom="0.625"/>
            </Texture>
          </Layer>
        </Layers>
        <Scripts>
          <OnEnterPressed>
            self:ClearFocus();
          </OnEnterPressed>
          <OnEscapePressed>
            self:ClearFocus();
          </OnEscapePressed>
          <OnTextChanged>
            ArmoryQuestFrameEditBox_OnTextChanged(self);
          </OnTextChanged>
          <OnEditFocusLost>
            self:HighlightText(0, 0);
            if ( self:GetText() == "" ) then
              self:SetText(SEARCH);
            end
          </OnEditFocusLost>
          <OnEditFocusGained>
            self:HighlightText();
            if ( self:GetText() == SEARCH ) then
              self:SetText("");
            end
          </OnEditFocusGained>
        </Scripts>
        <FontString inherits="ChatFontSmall"/>
      </EditBox>
      <Button name="ArmoryQuestFrameCloseButton" inherits="UIPanelCloseButton">
        <Anchors>
          <Anchor point="TOPRIGHT" relativeTo="ArmoryQuestFrame" relativePoint="TOPRIGHT">
            <Offset>
              <AbsDimension x="-30" y="-8"/>
            </Offset>
          </Anchor>
        </Anchors>
      </Button>
      <Button name="ArmoryQuestFrameTab1" inherits="CharacterFrameTabButtonTemplate" id="1" text="CURRENT_QUESTS">
        <Anchors>
          <Anchor point="CENTER" relativePoint="BOTTOMLEFT">
            <Offset>
              <AbsDimension x="72" y="61"/>
            </Offset>
          </Anchor>
        </Anchors>
        <Scripts>
          <OnLoad>
            self:SetFrameLevel(self:GetFrameLevel() + 1);
          </OnLoad>
          <OnClick>
            ArmoryQuestFrameTab_OnClick(self);
            PlaySound("igCharacterInfoTab");
          </OnClick>
        </Scripts>
      </Button>
      <Button name="ArmoryQuestFrameTab2" inherits="CharacterFrameTabButtonTemplate" id="2" text="DAILY">
        <Anchors>
          <Anchor point="LEFT" relativeTo="ArmoryQuestFrameTab1" relativePoint="RIGHT">
            <Offset>
              <AbsDimension x="-16" y="1"/>
            </Offset>
          </Anchor>
        </Anchors>
        <Scripts>
          <OnLoad>
            self:SetFormattedText("%s / %s", DAILY, CALENDAR_REPEAT_WEEKLY);
            self:SetFrameLevel(self:GetFrameLevel() + 1);
          </OnLoad>
          <OnClick>
            ArmoryQuestFrameTab_OnClick(self);
            PlaySound("igCharacterInfoTab");
          </OnClick>
        </Scripts>
      </Button>
    </Frames>
    <Scripts>
      <OnLoad>
        ArmoryQuestFrame_OnLoad(self);
      </OnLoad>
      <OnShow>
        ArmoryQuestFrame_OnShow(self);
      </OnShow>
      <OnHide>
        ArmoryQuestFrame_OnHide(self);
      </OnHide>
      <OnMouseWheel>
        return;
      </OnMouseWheel>
    </Scripts>
  </Frame>
</Ui>