<!-- Revision: 287 2010-06-30T22:21:28Z -->
<Ui xmlns="http://www.blizzard.com/wow/ui/" xmlns:xsi="http://www.w3.org/2001/XMLSchema-instance" xsi:schemaLocation="http://www.blizzard.com/wow/ui/
..\..\..\FrameXML\UI.xsd">
  <Script file="ArmoryTradeSkillFrame.lua"/>
  <Button name="ArmoryTradeSkillSkillButtonTemplate" hidden="false" virtual="true">
    <Size>
      <AbsDimension x="293" y="16"/>
    </Size>
    <Layers>
      <Layer level="OVERLAY">
        <FontString name="$parentCount" inherits="GameFontNormal">
          <Size x="0" y="13"/>
          <Anchors>
            <Anchor point="LEFT">
              <Offset x="0" y="0"/>
            </Anchor>
          </Anchors>
        </FontString>
      </Layer>
    </Layers>
    <Scripts>
      <OnClick>
        if ( IsModifiedClick() ) then
          HandleModifiedItemClick(Armory:GetTradeSkillRecipeLink(self:GetID()));
        else
          ArmoryTradeSkillSkillButton_OnClick(self, button);
        end
      </OnClick>
      <OnLoad>
        _G[self:GetName().."Text"]:SetHeight(13);
        _G[self:GetName().."Count"]:SetPoint("LEFT", self:GetName().."Text", "RIGHT", 2, 0);
      </OnLoad>
      <OnEnter>
        _G[self:GetName().."Count"]:SetVertexColor(HIGHLIGHT_FONT_COLOR.r, HIGHLIGHT_FONT_COLOR.g, HIGHLIGHT_FONT_COLOR.b);
      </OnEnter>
      <OnLeave>
        if ( not self.isHighlighted ) then
          _G[self:GetName().."Count"]:SetVertexColor(self.r, self.g, self.b);
        end
      </OnLeave>
    </Scripts>
    <NormalTexture file="Interface\Buttons\UI-MinusButton-UP">
      <Size>
        <AbsDimension x="16" y="16"/>
      </Size>
      <Anchors>
        <Anchor point="LEFT">
          <Offset>
            <AbsDimension x="3" y="0"/>
          </Offset>
        </Anchor>
      </Anchors>
    </NormalTexture>
    <HighlightTexture name="$parentHighlight" file="Interface\Buttons\UI-PlusButton-Hilight" alphaMode="ADD">
      <Size>
        <AbsDimension x="16" y="16"/>
      </Size>
      <Anchors>
        <Anchor point="LEFT">
          <Offset>
            <AbsDimension x="3" y="0"/>
          </Offset>
        </Anchor>
      </Anchors>
    </HighlightTexture>
    <DisabledTexture file="Interface\Buttons\UI-PlusButton-Disabled">
      <Size>
        <AbsDimension x="16" y="16"/>
      </Size>
      <Anchors>
        <Anchor point="LEFT">
          <Offset>
            <AbsDimension x="3" y="0"/>
          </Offset>
        </Anchor>
      </Anchors>
    </DisabledTexture>
    <ButtonText name="$parentText">
      <Size x="270" y="13"/>
      <Anchors>
        <Anchor point="LEFT" relativeTo="$parentHighlight" relativePoint="RIGHT">
          <Offset>
            <AbsDimension x="2" y="1"/>
          </Offset>
        </Anchor>
      </Anchors>
    </ButtonText>
    <NormalFont style="GameFontNormalLeft"/>
    <HighlightFont style="GameFontHighlightLeft"/>
    <DisabledFont style="GameFontDisableLeft"/>
  </Button>
  <Button name="ArmoryTradeSkillItemTemplate" virtual="true">
    <Size>
      <AbsDimension x="147" y="41"/>
    </Size>
    <Layers>
      <Layer level="BACKGROUND">
        <Texture name="$parentIconTexture">
          <Size>
            <AbsDimension x="39" y="39"/>
          </Size>
          <Anchors>
            <Anchor point="TOPLEFT">
              <Offset>
                <AbsDimension x="0" y="0"/>
              </Offset>
            </Anchor>
          </Anchors>
        </Texture>
        <Texture name="$parentNameFrame" file="Interface\QuestFrame\UI-QuestItemNameFrame">
          <Size>
            <AbsDimension x="128" y="64"/>
          </Size>
          <Anchors>
            <Anchor point="LEFT" relativeTo="$parentIconTexture" relativePoint="RIGHT">
              <Offset>
                <AbsDimension x="-10" y="0"/>
              </Offset>
            </Anchor>
          </Anchors>
        </Texture>
        <FontString name="$parentName" inherits="GameFontHighlight" justifyH="LEFT">
          <Size>
            <AbsDimension x="90" y="36"/>
          </Size>
          <Anchors>
            <Anchor point="LEFT" relativeTo="$parentNameFrame">
              <Offset>
                <AbsDimension x="15" y="0"/>
              </Offset>
            </Anchor>
          </Anchors>
        </FontString>
      </Layer>
      <Layer level="ARTWORK">
        <FontString name="$parentCount" inherits="NumberFontNormal" justifyH="RIGHT">
          <Anchors>
            <Anchor point="BOTTOMRIGHT" relativeTo="$parentIconTexture">
              <Offset>
                <AbsDimension x="-1" y="1"/>
              </Offset>
            </Anchor>
          </Anchors>
        </FontString>
      </Layer>
    </Layers>
    <Scripts>
      <OnClick>
        if ( IsModifiedClick("CHATLINK") and self.link ) then
          HandleModifiedItemClick(self.link);
        end
      </OnClick>
      <OnEnter>
        GameTooltip:SetOwner(self, "ANCHOR_TOPLEFT");
        Armory:SetTradeSkillItem(ArmoryTradeSkillFrame.selectedSkill, self:GetID());
      </OnEnter>
      <OnLeave>
        GameTooltip:Hide();
      </OnLeave>
    </Scripts>
  </Button>
  <Frame name="ArmoryTradeSkillFrame" movable="true" parent="ArmoryFrame" enableMouse="true" hidden="true">
    <Size>
      <AbsDimension x="384" y="512"/>
    </Size>
    <Anchors>
      <Anchor point="TOPLEFT" relativeTo="ArmoryFrame" relativePoint="TOPRIGHT">
        <Offset>
          <AbsDimension x="0" y="0"/>
        </Offset>
      </Anchor>
    </Anchors>
    <HitRectInsets>
      <AbsInset left="0" right="34" top="0" bottom="75"/>
    </HitRectInsets>
    <Layers>
      <Layer level="BACKGROUND">
        <Texture file="Interface\Spellbook\Spellbook-Icon">
          <Size>
            <AbsDimension x="60" y="60"/>
          </Size>
          <Anchors>
            <Anchor point="TOPLEFT">
              <Offset>
                <AbsDimension x="7" y="-6"/>
              </Offset>
            </Anchor>
          </Anchors>
        </Texture>
        <FontString name="$parentDummyString" inherits="GameFontNormal" hidden="true">
          <Anchors>
            <Anchor point="TOPLEFT">
              <Offset x="0" y="0"/>
            </Anchor>
          </Anchors>
          <Size x="0" y="0"/>
        </FontString>
      </Layer>
      <Layer level="BORDER">
        <Texture name="ArmoryTradeSkillFrameTopLeftTexture" file="Interface\PaperDollInfoFrame\UI-Character-General-TopLeft">
          <Size>
            <AbsDimension x="256" y="256"/>
          </Size>
          <Anchors>
            <Anchor point="TOPLEFT"/>
          </Anchors>
        </Texture>
        <Texture name="ArmoryTradeSkillFrameTopRightTexture" file="Interface\PaperDollInfoFrame\UI-Character-General-TopRight">
          <Size>
            <AbsDimension x="128" y="256"/>
          </Size>
          <Anchors>
            <Anchor point="TOPRIGHT"/>
          </Anchors>
        </Texture>
        <Texture name="ArmoryTradeSkillFrameBottomLeftTexture" file="Interface\PaperDollInfoFrame\UI-Character-General-BottomLeft">
          <Size>
            <AbsDimension x="256" y="256"/>
          </Size>
          <Anchors>
            <Anchor point="BOTTOMLEFT"/>
          </Anchors>
        </Texture>
        <Texture name="ArmoryTradeSkillFrameBottomRightTexture" file="Interface\PaperDollInfoFrame\UI-Character-General-BottomRight">
          <Size>
            <AbsDimension x="128" y="256"/>
          </Size>
          <Anchors>
            <Anchor point="BOTTOMRIGHT"/>
          </Anchors>
        </Texture>
        <FontString name="ArmoryTradeSkillFrameTitleText" inherits="GameFontNormal" text="Trade Skills">
          <Anchors>
            <Anchor point="TOP" relativeTo="ArmoryTradeSkillFrame" relativePoint="TOP">
              <Offset>
                <AbsDimension x="0" y="-17"/>
              </Offset>
            </Anchor>
          </Anchors>
        </FontString>
      </Layer>
      <Layer level="ARTWORK">
        <Texture name="ArmoryTradeSkillHorizontalBarLeft" file="Interface\ClassTrainerFrame\UI-ClassTrainer-HorizontalBar">
          <Size>
            <AbsDimension x="256" y="16"/>
          </Size>
          <Anchors>
            <Anchor point="TOPLEFT">
              <Offset>
                <AbsDimension x="15" y="-221"/>
              </Offset>
            </Anchor>
          </Anchors>
          <TexCoords left="0" right="1.0" top="0" bottom="0.25"/>
        </Texture>
        <Texture file="Interface\ClassTrainerFrame\UI-ClassTrainer-HorizontalBar">
          <Size>
            <AbsDimension x="75" y="16"/>
          </Size>
          <Anchors>
            <Anchor point="LEFT" relativeTo="ArmoryTradeSkillHorizontalBarLeft" relativePoint="RIGHT">
              <Offset>
                <AbsDimension x="0" y="0"/>
              </Offset>
            </Anchor>
          </Anchors>
          <TexCoords left="0" right="0.29296875" top="0.25" bottom="0.5"/>
        </Texture>
      </Layer>
    </Layers>
    <Frames>
      <Button name="ArmoryTradeSkillLinkButton">
				<Size>
					<AbsDimension x="32" y="16"/>
				</Size>
				<Anchors>
					<Anchor point="LEFT" relativeTo="ArmoryTradeSkillFrameTitleText" relativePoint="RIGHT">
						<Offset>
							<AbsDimension x="5" y="0"/>
						</Offset>
					</Anchor>
				</Anchors>
				<Scripts>
					<OnClick>
            local link = Armory:GetTradeSkillListLink();
            if ( link ) then
              if ( IsShiftKeyDown() ) then
                if ( not self.extended ) then
                  ShowUIPanel(ItemRefTooltip);
                  if ( not ItemRefTooltip:IsShown() ) then
                    ItemRefTooltip:SetOwner(UIParent, "ANCHOR_PRESERVE");
                  end
                  ItemRefTooltip:SetHyperlink(link:match("|H(.-)|h"));
                end
              elseif ( not ChatEdit_InsertLink(link) ) then
                ChatEdit_GetLastActiveWindow():Show();
                ChatEdit_InsertLink(link);
              end
            end
          </OnClick>
					<OnEnter>
            _, self.extended = Armory:GetNumTradeSkills();
            GameTooltip:SetOwner(self, "ANCHOR_TOPLEFT");
            GameTooltip:SetText(LINK_TRADESKILL_TOOLTIP, nil, nil, nil, nil, 1);
            if ( not self.extended ) then
              Armory:TooltipAddHints(GameTooltip, ARMORY_LINK_TRADESKILL_TOOLTIP);
            end
            GameTooltip:Show();
          </OnEnter>
					<OnLeave>
						GameTooltip:Hide();
					</OnLeave>
				</Scripts>
				<NormalTexture file="Interface\TradeSkillFrame\UI-TradeSkill-LinkButton">
					<TexCoords left="0" right="1.0" top="0" bottom="0.5"/>
				</NormalTexture>
				<HighlightTexture file="Interface\TradeSkillFrame\UI-TradeSkill-LinkButton" alphaMode="ADD">
					<TexCoords left="0" right="1.0" top="0.5" bottom="1.0"/>
				</HighlightTexture>
			</Button>
      <StatusBar name="ArmoryTradeSkillRankFrame" drawLayer="BACKGROUND" minValue="0" maxValue="1" defaultValue="0" enableMouse="false">
        <Size>
          <AbsDimension x="265" y="14"/>
        </Size>
        <Anchors>
          <Anchor point="TOPLEFT">
            <Offset>
              <AbsDimension x="75" y="-36"/>
            </Offset>
          </Anchor>
        </Anchors>
        <Layers>
          <Layer level="ARTWORK">
            <FontString name="$parentSkillRank" inherits="GameFontHighlightSmall" justifyH="CENTER">
              <Anchors>
                <Anchor point="TOP" relativeTo="ArmoryTradeSkillFrameTitleText">
                  <Offset>
                    <AbsDimension x="0" y="-20"/>
                  </Offset>
                </Anchor>
              </Anchors>
            </FontString>
          </Layer>
          <Layer level="BACKGROUND">
            <Texture name="$parentBackground">
              <Color r="1.0" g="1.0" b="1.0" a="0.2"/>
            </Texture>
          </Layer>
        </Layers>
        <Frames>
          <Button name="$parentBorder">
            <Size>
              <AbsDimension x="274" y="27"/>
            </Size>
            <Anchors>
              <Anchor point="LEFT">
                <Offset>
                  <AbsDimension x="-5" y="0"/>
                </Offset>
              </Anchor>
            </Anchors>
            <NormalTexture name="$parentNormal" file="Interface\PaperDollInfoFrame\UI-Character-Skills-BarBorder" />
          </Button>
        </Frames>
        <BarTexture name="$parentBar" file="Interface\PaperDollInfoFrame\UI-Character-Skills-Bar" />
        <BarColor r="0.25" g="0.25" b="0.75" />
      </StatusBar>
      <EditBox name="$parentEditBox" autoFocus="false">
        <Size>
          <AbsDimension x="128" y="20"/>
        </Size>
        <Anchors>
          <Anchor point="TOPRIGHT" relativeTo="ArmoryTradeSkillRankFrame" relativePoint="BOTTOMRIGHT">
            <Offset x="2" y="0"/>
          </Anchor>
        </Anchors>
        <Layers>
          <Layer level="BACKGROUND">
            <Texture name="$parentLeft" file="Interface\Common\Common-Input-Border">
              <Size>
                <AbsDimension x="8" y="20"/>
              </Size>
              <Anchors>
                <Anchor point="TOPLEFT">
                  <Offset x="-5" y="0"/>
                </Anchor>
              </Anchors>
              <TexCoords left="0" right="0.0625" top="0" bottom="0.625"/>
            </Texture>
            <Texture name="$parentRight" file="Interface\Common\Common-Input-Border">
              <Size>
                <AbsDimension x="8" y="20"/>
              </Size>
              <Anchors>
                <Anchor point="RIGHT">
                  <Offset x="0" y="0"/>
                </Anchor>
              </Anchors>
              <TexCoords left="0.9375" right="1.0" top="0" bottom="0.625"/>
            </Texture>
            <Texture name="$parentMiddle" file="Interface\Common\Common-Input-Border">
              <Size>
                <AbsDimension x="0" y="20"/>
              </Size>
              <Anchors>
                <Anchor point="LEFT" relativeTo="$parentLeft" relativePoint="RIGHT"/>
                <Anchor point="RIGHT" relativeTo="$parentRight" relativePoint="LEFT"/>
              </Anchors>
              <TexCoords left="0.0625" right="0.9375" top="0" bottom="0.625"/>
            </Texture>
          </Layer>
        </Layers>
        <Scripts>
          <OnEnterPressed>
            self:ClearFocus();
          </OnEnterPressed>
          <OnEscapePressed>
            self:ClearFocus();
          </OnEscapePressed>
          <OnTextChanged>
            ArmoryTradeSkillFilter_OnTextChanged(self);
          </OnTextChanged>
          <OnEditFocusLost>
            self:HighlightText(0, 0);
            if ( self:GetText() == "" ) then
              self:SetText(SEARCH);
            end
          </OnEditFocusLost>
          <OnEditFocusGained>
            self:HighlightText();
            if ( self:GetText() == SEARCH ) then
              self:SetText("");
            end
          </OnEditFocusGained>
          <OnEnter>
            self.oldnewbie = SHOW_NEWBIE_TIPS;
            SHOW_NEWBIE_TIPS = Armory:GetConfigShowNewbieTips() and "1";
            GameTooltip_AddNewbieTip(self, SEARCH, 1.0, 1.0, 1.0, ARMORY_TRADESKILL_SEARCH_TEXT_TOOLTIP, 1);
          </OnEnter>
          <OnLeave>
            SHOW_NEWBIE_TIPS = self.oldnewbie;
            self.oldnewbie = nil;
            GameTooltip:Hide();
          </OnLeave>
        </Scripts>
        <FontString inherits="ChatFontSmall"/>
      </EditBox>
      <Frame name="ArmoryTradeSkillExpandButtonFrame" hidden ="true">
        <Size>
          <AbsDimension x="54" y="32"/>
        </Size>
        <Anchors>
          <Anchor point="TOPLEFT">
            <Offset>
              <AbsDimension x="15" y="-71"/>
            </Offset>
          </Anchor>
        </Anchors>
        <Layers>
          <Layer level="BACKGROUND">
            <Texture name="ArmoryTradeSkillExpandTabLeft" file="Interface\ClassTrainerFrame\UI-ClassTrainer-ExpandTab-Left">
              <Size>
                <AbsDimension x="8" y="32"/>
              </Size>
              <Anchors>
                <Anchor point="TOPLEFT"/>
              </Anchors>
            </Texture>
            <Texture name="ArmoryTradeSkillExpandTabMiddle" file="Interface\QuestFrame\UI-QuestLogSortTab-Middle">
              <Size>
                <AbsDimension x="38" y="32"/>
              </Size>
              <Anchors>
                <Anchor point="LEFT" relativeTo="ArmoryTradeSkillExpandTabLeft" relativePoint="RIGHT">
                  <Offset>
                    <AbsDimension x="0" y="6"/>
                  </Offset>
                </Anchor>
              </Anchors>
            </Texture>
            <Texture name="ArmoryTradeSkillExpandTabRight" file="Interface\QuestFrame\UI-QuestLogSortTab-Right">
              <Size>
                <AbsDimension x="8" y="32"/>
              </Size>
              <Anchors>
                <Anchor point="LEFT" relativeTo="ArmoryTradeSkillExpandTabMiddle" relativePoint="RIGHT"/>
              </Anchors>
            </Texture>
          </Layer>
        </Layers>
        <Frames>
          <Button name="ArmoryTradeSkillCollapseAllButton" hidden="false" inherits="ArmoryTradeSkillSkillButtonTemplate">
            <Size>
              <AbsDimension x="40" y="22"/>
            </Size>
            <Anchors>
              <Anchor point="LEFT" relativeTo="ArmoryTradeSkillExpandTabLeft" relativePoint="RIGHT">
                <Offset>
                  <AbsDimension x="0" y="3"/>
                </Offset>
              </Anchor>
            </Anchors>
            <Scripts>
              <OnLoad>
                _G[self:GetName()]:SetText(ALL);
              </OnLoad>
              <OnClick>
                ArmoryTradeSkillCollapseAllButton_OnClick(self);
              </OnClick>
            </Scripts>
          </Button>
        </Frames>
      </Frame>
      <Frame name="ArmoryTradeSkillInvSlotDropDown" inherits="ArmoryDropDownMenuTemplate" id="2" hidden="true">
        <Anchors>
          <Anchor point="TOPRIGHT">
            <Offset>
              <AbsDimension x="-25" y="-66"/>
            </Offset>
          </Anchor>
        </Anchors>
      </Frame>
      <Frame name="ArmoryTradeSkillSubClassDropDown" inherits="ArmoryDropDownMenuTemplate" id="1" hidden="true">
        <Anchors>
          <Anchor point="RIGHT" relativeTo="ArmoryTradeSkillInvSlotDropDown" relativePoint="LEFT">
            <Offset>
              <AbsDimension x="35" y="0"/>
            </Offset>
          </Anchor>
        </Anchors>
      </Frame>
      <Frame name="ArmoryTradeSkillHighlightFrame" hidden="true">
        <Size>
          <AbsDimension x="293" y="16"/>
        </Size>
        <Anchors>
          <Anchor point="TOPLEFT"/>
        </Anchors>
        <Layers>
          <Layer level="ARTWORK">
            <Texture name="ArmoryTradeSkillHighlight" file="Interface\Buttons\UI-Listbox-Highlight2"/>
          </Layer>
        </Layers>
      </Frame>
      <Button name="ArmoryTradeSkillSkill1" inherits="ArmoryTradeSkillSkillButtonTemplate">
        <Anchors>
          <Anchor point="TOPLEFT" relativeTo="ArmoryTradeSkillFrame">
            <Offset>
              <AbsDimension x="22" y="-80"/>
            </Offset>
          </Anchor>
        </Anchors>
      </Button>
      <Button name="ArmoryTradeSkillSkill2" inherits="ArmoryTradeSkillSkillButtonTemplate">
        <Anchors>
          <Anchor point="TOPLEFT" relativeTo="ArmoryTradeSkillSkill1" relativePoint="BOTTOMLEFT">
            <Offset>
              <AbsDimension x="0" y="0"/>
            </Offset>
          </Anchor>
        </Anchors>
      </Button>
      <Button name="ArmoryTradeSkillSkill3" inherits="ArmoryTradeSkillSkillButtonTemplate">
        <Anchors>
          <Anchor point="TOPLEFT" relativeTo="ArmoryTradeSkillSkill2" relativePoint="BOTTOMLEFT">
            <Offset>
              <AbsDimension x="0" y="0"/>
            </Offset>
          </Anchor>
        </Anchors>
      </Button>
      <Button name="ArmoryTradeSkillSkill4" inherits="ArmoryTradeSkillSkillButtonTemplate">
        <Anchors>
          <Anchor point="TOPLEFT" relativeTo="ArmoryTradeSkillSkill3" relativePoint="BOTTOMLEFT">
            <Offset>
              <AbsDimension x="0" y="0"/>
            </Offset>
          </Anchor>
        </Anchors>
      </Button>
      <Button name="ArmoryTradeSkillSkill5" inherits="ArmoryTradeSkillSkillButtonTemplate">
        <Anchors>
          <Anchor point="TOPLEFT" relativeTo="ArmoryTradeSkillSkill4" relativePoint="BOTTOMLEFT">
            <Offset>
              <AbsDimension x="0" y="0"/>
            </Offset>
          </Anchor>
        </Anchors>
      </Button>
      <Button name="ArmoryTradeSkillSkill6" inherits="ArmoryTradeSkillSkillButtonTemplate">
        <Anchors>
          <Anchor point="TOPLEFT" relativeTo="ArmoryTradeSkillSkill5" relativePoint="BOTTOMLEFT">
            <Offset>
              <AbsDimension x="0" y="0"/>
            </Offset>
          </Anchor>
        </Anchors>
      </Button>
      <Button name="ArmoryTradeSkillSkill7" inherits="ArmoryTradeSkillSkillButtonTemplate">
        <Anchors>
          <Anchor point="TOPLEFT" relativeTo="ArmoryTradeSkillSkill6" relativePoint="BOTTOMLEFT">
            <Offset>
              <AbsDimension x="0" y="0"/>
            </Offset>
          </Anchor>
        </Anchors>
      </Button>
      <Button name="ArmoryTradeSkillSkill8" inherits="ArmoryTradeSkillSkillButtonTemplate">
        <Anchors>
          <Anchor point="TOPLEFT" relativeTo="ArmoryTradeSkillSkill7" relativePoint="BOTTOMLEFT">
            <Offset>
              <AbsDimension x="0" y="0"/>
            </Offset>
          </Anchor>
        </Anchors>
      </Button>
      <Button name="ArmoryTradeSkillSkill9" inherits="ArmoryTradeSkillSkillButtonTemplate">
        <Anchors>
          <Anchor point="TOPLEFT" relativeTo="ArmoryTradeSkillSkill8" relativePoint="BOTTOMLEFT">
            <Offset>
              <AbsDimension x="0" y="0"/>
            </Offset>
          </Anchor>
        </Anchors>
      </Button>
      <ScrollFrame name="ArmoryTradeSkillListScrollFrame" inherits="ClassTrainerListScrollFrameTemplate">
        <Size>
          <AbsDimension x="296" y="146"/>
        </Size>
        <Anchors>
          <Anchor point="TOPRIGHT" relativeTo="ArmoryTradeSkillFrame" relativePoint="TOPRIGHT">
            <Offset>
              <AbsDimension x="-67" y="-80"/>
            </Offset>
          </Anchor>
        </Anchors>
        <Scripts>
          <OnVerticalScroll>
            FauxScrollFrame_OnVerticalScroll(self, offset, ARMORY_TRADE_SKILL_HEIGHT, ArmoryTradeSkillFrame_Update);
          </OnVerticalScroll>
        </Scripts>
      </ScrollFrame>
      <ScrollFrame name="ArmoryTradeSkillDetailScrollFrame" inherits="ClassTrainerDetailScrollFrameTemplate">
        <Size>
          <AbsDimension x="297" y="195"/>
        </Size>
        <Anchors>
          <Anchor point="TOPLEFT">
            <Offset>
              <AbsDimension x="20" y="-234"/>
            </Offset>
          </Anchor>
        </Anchors>
        <ScrollChild>
          <Frame name="ArmoryTradeSkillDetailScrollChildFrame">
            <Size>
              <AbsDimension x="297" y="150"/>
            </Size>
            <Layers>
              <Layer level="BACKGROUND">
                <FontString name="ArmoryTradeSkillSkillName" inherits="GameFontNormal" text="Skill Name" justifyH="LEFT">
                  <Size>
                    <AbsDimension x="244" y="0"/>
                  </Size>
                  <Anchors>
                    <Anchor point="TOPLEFT">
                      <Offset>
                        <AbsDimension x="50" y="-5"/>
                      </Offset>
                    </Anchor>
                  </Anchors>
                </FontString>
                <FontString name="ArmoryTradeSkillRequirementLabel" inherits="GameFontHighlightSmall" text="REQUIRES_LABEL">
                  <Anchors>
                    <Anchor point="TOPLEFT" relativeTo="ArmoryTradeSkillSkillName" relativePoint="BOTTOMLEFT">
                      <Offset>
                        <AbsDimension x="0" y="0"/>
                      </Offset>
                    </Anchor>
                  </Anchors>
                </FontString>
                <FontString name="ArmoryTradeSkillRequirementText" inherits="GameFontHighlightSmall" justifyV="TOP" justifyH="LEFT">
                  <Size>
                    <AbsDimension x="180" y="0"/>
                  </Size>
                  <Anchors>
                    <Anchor point="TOPLEFT" relativeTo="ArmoryTradeSkillRequirementLabel" relativePoint="TOPRIGHT" >
                      <Offset>
                        <AbsDimension x="4" y="0"/>
                      </Offset>
                    </Anchor>
                  </Anchors>
                </FontString>
                <FontString name="ArmoryTradeSkillSkillCooldown" inherits="GameFontRedSmall">
                  <Anchors>
                    <Anchor point="TOPLEFT" relativeTo="ArmoryTradeSkillRequirementLabel" relativePoint="BOTTOMLEFT">
                      <Offset>
                        <AbsDimension x="0" y="0"/>
                      </Offset>
                    </Anchor>
                  </Anchors>
                </FontString>
                <Texture name="ArmoryTradeSkillDetailHeaderLeft" file="Interface\ClassTrainerFrame\UI-ClassTrainer-DetailHeaderLeft">
                  <Size>
                    <AbsDimension x="256" y="64"/>
                  </Size>
                  <Anchors>
                    <Anchor point="TOPLEFT">
                      <Offset>
                        <AbsDimension x="0" y="3"/>
                      </Offset>
                    </Anchor>
                  </Anchors>
                </Texture>
                <Texture file="Interface\ClassTrainerFrame\UI-ClassTrainer-DetailHeaderRight">
                  <Size>
                    <AbsDimension x="64" y="64"/>
                  </Size>
                  <Anchors>
                    <Anchor point="TOPLEFT" relativeTo="ArmoryTradeSkillDetailHeaderLeft" relativePoint="TOPRIGHT">
                      <Offset>
                        <AbsDimension x="0" y="0"/>
                      </Offset>
                    </Anchor>
                  </Anchors>
                </Texture>
                <FontString name="ArmoryTradeSkillDescription" inherits="GameFontHighlightSmall" justifyH="LEFT">
                  <Size>
                    <AbsDimension x="290" y="0"/>
                  </Size>
                  <Anchors>
                    <Anchor point="TOPLEFT">
                      <Offset>
                        <AbsDimension x="5" y="-50"/>
                      </Offset>
                    </Anchor>
                  </Anchors>
                </FontString>
                <FontString name="ArmoryTradeSkillReagentLabel" inherits="GameFontNormalSmall" text="SPELL_REAGENTS">
                  <Anchors>
                    <Anchor point="TOPLEFT" relativeTo="ArmoryTradeSkillDescription" relativePoint="BOTTOMLEFT">
                      <Offset>
                        <AbsDimension x="0" y="-10"/>
                      </Offset>
                    </Anchor>
                  </Anchors>
                </FontString>
              </Layer>
            </Layers>
            <Frames>
              <Button name="ArmoryTradeSkillSkillIcon">
                <Size>
                  <AbsDimension x="37" y="37"/>
                </Size>
                <Anchors>
                  <Anchor point="TOPLEFT">
                    <Offset>
                      <AbsDimension x="8" y="-3"/>
                    </Offset>
                  </Anchor>
                </Anchors>
                <Layers>
                  <Layer level="ARTWORK">
                    <FontString name="ArmoryTradeSkillSkillIconCount" inherits="NumberFontNormal" justifyH="RIGHT" hidden="false">
                      <Anchors>
                        <Anchor point="BOTTOMRIGHT">
                          <Offset>
                            <AbsDimension x="-5" y="2"/>
                          </Offset>
                        </Anchor>
                      </Anchors>
                    </FontString>
                  </Layer>
                </Layers>
                <Scripts>
                  <OnClick>
                    if ( IsModifiedClick("CHATLINK") and self.link ) then
                      HandleModifiedItemClick(self.link);
                    end
                  </OnClick>
                  <OnEnter>
                    ArmoryTradeSkillItem_OnEnter(self);
                  </OnEnter>
                  <OnLeave>
                    GameTooltip:Hide();
                  </OnLeave>
                </Scripts>
              </Button>
              <Button name="ArmoryTradeSkillReagent1" inherits="ArmoryTradeSkillItemTemplate" id="1">
                <Anchors>
                  <Anchor point="TOPLEFT" relativeTo="ArmoryTradeSkillReagentLabel" relativePoint="BOTTOMLEFT">
                    <Offset>
                      <AbsDimension x="-2" y="-3"/>
                    </Offset>
                  </Anchor>
                </Anchors>
              </Button>
              <Button name="ArmoryTradeSkillReagent2" inherits="ArmoryTradeSkillItemTemplate" id="2">
                <Anchors>
                  <Anchor point="LEFT" relativeTo="ArmoryTradeSkillReagent1" relativePoint="RIGHT">
                    <Offset>
                      <AbsDimension x="0" y="0"/>
                    </Offset>
                  </Anchor>
                </Anchors>
              </Button>
              <Button name="ArmoryTradeSkillReagent3" inherits="ArmoryTradeSkillItemTemplate" id="3">
                <Anchors>
                  <Anchor point="TOPLEFT" relativeTo="ArmoryTradeSkillReagent1" relativePoint="BOTTOMLEFT">
                    <Offset>
                      <AbsDimension x="0" y="-2"/>
                    </Offset>
                  </Anchor>
                </Anchors>
              </Button>
              <Button name="ArmoryTradeSkillReagent4" inherits="ArmoryTradeSkillItemTemplate" id="4">
                <Anchors>
                  <Anchor point="LEFT" relativeTo="ArmoryTradeSkillReagent3" relativePoint="RIGHT">
                    <Offset>
                      <AbsDimension x="0" y="0"/>
                    </Offset>
                  </Anchor>
                </Anchors>
              </Button>
              <Button name="ArmoryTradeSkillReagent5" inherits="ArmoryTradeSkillItemTemplate" id="5">
                <Anchors>
                  <Anchor point="TOPLEFT" relativeTo="ArmoryTradeSkillReagent3" relativePoint="BOTTOMLEFT">
                    <Offset>
                      <AbsDimension x="0" y="-2"/>
                    </Offset>
                  </Anchor>
                </Anchors>
              </Button>
              <Button name="ArmoryTradeSkillReagent6" inherits="ArmoryTradeSkillItemTemplate" id="6">
                <Anchors>
                  <Anchor point="LEFT" relativeTo="ArmoryTradeSkillReagent5" relativePoint="RIGHT">
                    <Offset>
                      <AbsDimension x="0" y="0"/>
                    </Offset>
                  </Anchor>
                </Anchors>
              </Button>
              <Button name="ArmoryTradeSkillReagent7" inherits="ArmoryTradeSkillItemTemplate" id="7">
                <Anchors>
                  <Anchor point="TOPLEFT" relativeTo="ArmoryTradeSkillReagent6" relativePoint="BOTTOMLEFT">
                    <Offset>
                      <AbsDimension x="0" y="-2"/>
                    </Offset>
                  </Anchor>
                </Anchors>
              </Button>
              <Button name="ArmoryTradeSkillReagent8" inherits="ArmoryTradeSkillItemTemplate" id="8">
                <Anchors>
                  <Anchor point="LEFT" relativeTo="ArmoryTradeSkillReagent7" relativePoint="RIGHT">
                    <Offset>
                      <AbsDimension x="0" y="0"/>
                    </Offset>
                  </Anchor>
                </Anchors>
              </Button>
            </Frames>
          </Frame>
        </ScrollChild>
      </ScrollFrame>
      <Button name="ArmoryTradeSkillFrameCloseButton" inherits="UIPanelCloseButton">
        <Anchors>
          <Anchor point="TOPRIGHT" relativeTo="ArmoryTradeSkillFrame" relativePoint="TOPRIGHT">
            <Offset>
              <AbsDimension x="-29" y="-8"/>
            </Offset>
          </Anchor>
        </Anchors>
      </Button>
    </Frames>
    <Scripts>
      <OnShow>
        PlaySound("igCharacterInfoOpen");
      </OnShow>
      <OnHide>
        PlaySound("igCharacterInfoClose");
      </OnHide>
      <OnLoad>
        ArmoryTradeSkillFrame_OnLoad(self);
      </OnLoad>
      <OnEvent>
        ArmoryTradeSkillFrame_OnEvent(self, event, ...);
      </OnEvent>
      <OnMouseWheel>
        return;
      </OnMouseWheel>
    </Scripts>
  </Frame>
</Ui>

